canonical_id,canonical_name,aliases,gc_organization_id,gc_url,categories,official_website,uf_page,link_hub,instagram_handle,instagram_url,instagram_confidence,instagram_match_method,needs_review,status
gc-430962,180 Degrees Consulting at UF,180DC,430962,https://gatorconnect.ufl.edu/organization/180dc,Academic|Service|Special Interest|Professional,,https://gatorconnect.ufl.edu/organization/180dc,,,,,,False,Active
gc-429964,3D Printing Club,3DPC,429964,https://gatorconnect.ufl.edu/organization/3dprintingclub,Academic|Special Interest,https://3dprintclub.org,https://gatorconnect.ufl.edu/organization/3dprintingclub,,3dprintUF,https://www.instagram.com/3dprintUF/,HIGH,gatorconnect_explicit_link,False,Active
gc-430483,A Private Inn,,430483,https://gatorconnect.ufl.edu/organization/a_private_inn,Social|Special Interest,https://groupme.com/join_group/91848249/1N2kgEhF,https://gatorconnect.ufl.edu/organization/a_private_inn,,,,,,False,Active
gc-431786,Academic Allies,,431786,https://gatorconnect.ufl.edu/organization/academicallies,Academic|Service|Special Interest|Professional,https://ufacademicallies.netlify.app,https://gatorconnect.ufl.edu/organization/academicallies,,ufacademicallies,https://www.instagram.com/ufacademicallies/,HIGH,gatorconnect_explicit_link,False,Active
gc-432203,Academy of Managed Care Pharmacy,AMCP,432203,https://gatorconnect.ufl.edu/organization/amcp,Academic,,https://gatorconnect.ufl.edu/organization/amcp,,ufamcpgnv,https://www.instagram.com/ufamcpgnv/,HIGH,gatorconnect_explicit_link,False,Active
gc-432416,Academy of Managed Care Pharmacy - Orlando Campus,AMCP-ORL,432416,https://gatorconnect.ufl.edu/organization/amcporl,Special Interest|Professional,,https://gatorconnect.ufl.edu/organization/amcporl,,,,,,False,Active
gc-432418,Accent A Cappella,Accent,432418,https://gatorconnect.ufl.edu/organization/nsaccent,Special Interest,https://nsaccent.com,https://gatorconnect.ufl.edu/organization/nsaccent,,nsaccent,https://www.instagram.com/nsaccent/,MEDIUM,official_website_or_linkhub_homepage,False,Active
gc-432025,ACS Cancer Action Network at UF,,432025,https://gatorconnect.ufl.edu/organization/acscanatuf,Political|Service,,https://gatorconnect.ufl.edu/organization/acscanatuf,,,,,,False,Active
gc-433345,Ad Society,,433345,https://gatorconnect.ufl.edu/organization/ufadsociety,Academic|Social|Professional,https://ufadsociety.wixsite.com/ad-society,https://gatorconnect.ufl.edu/organization/ufadsociety,,ufadsociety,https://www.instagram.com/ufadsociety/,HIGH,gatorconnect_explicit_link,False,Active
gc-429927,Advanced Professional Degree Consulting Club,APDCC,429927,https://gatorconnect.ufl.edu/organization/apdccufl,Academic,https://apdccufl.com,https://gatorconnect.ufl.edu/organization/apdccufl,,,,,,False,Active
gc-431605,Adventist Christian Fellowship,ACF,431605,https://gatorconnect.ufl.edu/organization/acf,Religious/Spiritual |Service,,https://gatorconnect.ufl.edu/organization/acf,,,,,,False,Active
gc-432420,advnt,,432420,https://gatorconnect.ufl.edu/organization/advnt,Academic|Professional,https://advntuf.com,https://gatorconnect.ufl.edu/organization/advnt,,advntuf,https://www.instagram.com/advntuf/,MEDIUM,official_website_or_linkhub_homepage,False,Active
gc-432427,AeroGator,AG,432427,https://gatorconnect.ufl.edu/organization/aerogator,Engineering & Technology,,https://gatorconnect.ufl.edu/organization/aerogator,,,,,,False,Active
gc-432023,Afaq Cultural Society,ACS,432023,https://gatorconnect.ufl.edu/organization/acs,Cultural|Social,,https://gatorconnect.ufl.edu/organization/acs,,,,,,False,Active
gc-432632,African Student Union,ASU,432632,https://gatorconnect.ufl.edu/organization/asu,Cultural|Social,,https://gatorconnect.ufl.edu/organization/asu,,,,,,False,Active
gc-433244,Agricultural and Biological Engineering Graduate Student Organization,ABE GSO,433244,https://gatorconnect.ufl.edu/organization/abegso,Academic|Service|Social|Professional|Engineering & Technology,,https://gatorconnect.ufl.edu/organization/abegso,,,,,,False,Active
gc-431569,Agricultural Economics Club,Ag Econ Club,431569,https://gatorconnect.ufl.edu/organization/ageconclub,Academic|Service|Social|Special Interest|Professional,,https://fred.ifas.ufl.edu/undergraduate/get-involved/ag-econ-club,,,,,,False,Active
gc-431934,AI in Healthcare Club,AIH,431934,https://gatorconnect.ufl.edu/organization/aiihealthcareclub,Academic|Special Interest|Engineering & Technology,https://groupme.com/join_group/99385312/Qr7n8jbA,https://gatorconnect.ufl.edu/organization/aiihealthcareclub,,,,,,False,Active
gc-432020,AI² Center Student Club,AI Club; AI² Club,432020,https://gatorconnect.ufl.edu/organization/aiclub,Academic|Professional|Engineering & Technology,,https://ai.ufl.edu/about/the-ai-center/ai-student-club,,,,,,False,Active
gc-433381,Alagarto Printmakers Guild,Alagarto,433381,https://gatorconnect.ufl.edu/organization/alagarto,Social|Special Interest,,https://gatorconnect.ufl.edu/organization/alagarto,,,,,,False,Active
gc-432431,Albanian Student Association,ALBSA,432431,https://gatorconnect.ufl.edu/organization/ufalbsa,Cultural|Social,,https://gatorconnect.ufl.edu/organization/ufalbsa,,,,,,False,Active
gc-431973,Alexander Hamilton Society,AHS,431973,https://gatorconnect.ufl.edu/organization/alexanderhamiltonsociety,Political|Professional,,https://gatorconnect.ufl.edu/organization/alexanderhamiltonsociety,,,,,,False,Active
gc-430252,ALPHA CHI OMEGA,,430252,https://gatorconnect.ufl.edu/organization/alphachiomega,Social Sorority/Fraternity (RSO SSF),https://ufalphachiomega.org,https://gatorconnect.ufl.edu/organization/alphachiomega,,ufaxo,https://www.instagram.com/ufaxo/,HIGH,gatorconnect_explicit_link,False,Active
gc-431687,Alpha Chi Sigma - Beta Iota Chapter,AXS - BI,431687,https://gatorconnect.ufl.edu/organization/alphachisigmabi,Academic|Service|Social|Social Fraternities/Sororities |Professional,https://sites.google.com/view/alphachisigmauf/home,https://gatorconnect.ufl.edu/organization/alphachisigmabi,,alphachisigmauf,https://www.instagram.com/alphachisigmauf/,HIGH,gatorconnect_explicit_link,False,Active
gc-430251,ALPHA DELTA PI,,430251,https://gatorconnect.ufl.edu/organization/alphadeltapi,Social Sorority/Fraternity (RSO SSF),,https://gatorconnect.ufl.edu/organization/alphadeltapi,,adpiuf,https://www.instagram.com/adpiuf/,HIGH,gatorconnect_explicit_link,False,Active
gc-431235,Alpha Epsilon Delta,AED,431235,https://gatorconnect.ufl.edu/organization/aed,Academic|Honor Societies|Service|Special Interest,https://aeduf.org,https://gatorconnect.ufl.edu/organization/aed,,ufaed,https://www.instagram.com/ufaed/,HIGH,gatorconnect_explicit_link,False,Active
gc-430250,ALPHA EPSILON PHI,,430250,https://gatorconnect.ufl.edu/organization/alphaepsilonphi,Social Sorority/Fraternity (RSO SSF),,https://gatorconnect.ufl.edu/organization/alphaepsilonphi,,,,,,False,Active
gc-430261,ALPHA EPSILON PI,,430261,https://gatorconnect.ufl.edu/organization/alphaepsilonpi,Social Sorority/Fraternity (RSO SSF),,https://gatorconnect.ufl.edu/organization/alphaepsilonpi,,ufaepi,https://www.instagram.com/ufaepi/,HIGH,gatorconnect_explicit_link,False,Active
gc-430265,ALPHA GAMMA RHO,AGR,430265,https://gatorconnect.ufl.edu/organization/alphagammarho,Social Sorority/Fraternity (RSO SSF),,https://gatorconnect.ufl.edu/organization/alphagammarho,,uf_agr,https://www.instagram.com/uf_agr/,HIGH,gatorconnect_explicit_link,False,Active
gc-430260,ALPHA KAPPA ALPHA,AKA,430260,https://gatorconnect.ufl.edu/organization/ufakas,Social Sorority/Fraternity (RSO SSF),https://ufakas.com,https://gatorconnect.ufl.edu/organization/ufakas,,ufakas,https://www.instagram.com/ufakas/,HIGH,gatorconnect_explicit_link,False,Active
gc-432266,Alpha Kappa Delta at the University of Florida,"AKD, AKD @ UF",432266,https://gatorconnect.ufl.edu/organization/akd,Academic|Honor Societies|Professional,,https://gatorconnect.ufl.edu/organization/akd,,,,,,False,Active
gc-430282,alpha KAPPA DELTA PHI,,430282,https://gatorconnect.ufl.edu/organization/alphakappadeltaphi,Social Sorority/Fraternity (RSO SSF),,https://gatorconnect.ufl.edu/organization/alphakappadeltaphi,,ufakdphi,https://www.instagram.com/ufakdphi/,HIGH,gatorconnect_explicit_link,False,Active
gc-431060,Alpha Kappa Psi,AKPSI,431060,https://gatorconnect.ufl.edu/organization/ufakpsi,Professional,https://ufakpsi.com,https://gatorconnect.ufl.edu/organization/ufakpsi,,ufakpsi,https://www.instagram.com/ufakpsi/,MEDIUM,official_website_or_linkhub_homepage,False,Active
gc-431769,Alpha Omega,AO,431769,https://gatorconnect.ufl.edu/organization/alphaomega,Athletic|Religious/Spiritual |Service,,https://gatorconnect.ufl.edu/organization/alphaomega,,,,,,False,Active
gc-430249,ALPHA OMICRON PI,AOII,430249,https://gatorconnect.ufl.edu/organization/alphaomicronpi,Social Sorority/Fraternity (RSO SSF),,https://gatorconnect.ufl.edu/organization/alphaomicronpi,,ufaoii,https://www.instagram.com/ufaoii/,HIGH,gatorconnect_explicit_link,False,Active
gc-430278,ALPHA PHI,,430278,https://gatorconnect.ufl.edu/organization/alphaphi,Social Sorority/Fraternity (RSO SSF),https://ufalphaphi.com,https://gatorconnect.ufl.edu/organization/alphaphi,,ufalphaphi,https://www.instagram.com/ufalphaphi/,HIGH,gatorconnect_explicit_link,False,Active
gc-430280,ALPHA PHI ALPHA,,430280,https://gatorconnect.ufl.edu/organization/alphaphialpha,Social Sorority/Fraternity (RSO SSF),,https://gatorconnect.ufl.edu/organization/alphaphialpha,,,,,,False,Active
gc-431689,Alpha Phi Omega,APO,431689,https://gatorconnect.ufl.edu/organization/alphaphiomega,Service|Social,,https://gatorconnect.ufl.edu/organization/alphaphiomega,,,,,,False,Active
gc-430258,ALPHA TAU OMEGA,,430258,https://gatorconnect.ufl.edu/organization/atouf,Social Sorority/Fraternity (RSO SSF),https://atouf.org,https://gatorconnect.ufl.edu/organization/atouf,,uf_ato,https://www.instagram.com/uf_ato/,HIGH,gatorconnect_explicit_link,False,Active
gc-431388,American Association of Psychiatric Pharmacists,AAPP,431388,https://gatorconnect.ufl.edu/organization/aapp,Academic|Service|Special Interest,,https://gatorconnect.ufl.edu/organization/aapp,,,,,,False,Active
gc-433562,American Association of Venezuelan Engineers,AAVE,433562,https://gatorconnect.ufl.edu/organization/aave,Cultural|Service|Professional|Engineering & Technology,https://aave-usa.org,https://gatorconnect.ufl.edu/organization/aave,,,,,,False,Active
gc-432652,American Civil Liberties Union at Florida,ACLU at UF,432652,https://gatorconnect.ufl.edu/organization/acluatfl,Social|Special Interest,,https://gatorconnect.ufl.edu/organization/acluatfl,,,,,,False,Active
gc-431547,American College of Clinical Pharmacy,,431547,https://gatorconnect.ufl.edu/organization/american-college-of-clinical-pharmacy,Academic|Service,,https://gatorconnect.ufl.edu/organization/american-college-of-clinical-pharmacy,,,,,,False,Active
gc-432429,American College of Clinical Pharmacy Jacksonville,ACCP Jax,432429,https://gatorconnect.ufl.edu/organization/accpjax,Academic|Professional,,https://gatorconnect.ufl.edu/organization/accpjax,,,,,,False,Active
gc-433644,American Dental Education Association Chapter at UFCD,ADEA at UFCD,433644,https://gatorconnect.ufl.edu/organization/uf_adea,Academic,,https://gatorconnect.ufl.edu/organization/uf_adea,,,,,,False,Active
gc-432284,American Equine Practitioners - Student Chapter,SCAAEP,432284,https://gatorconnect.ufl.edu/organization/ufscaaep,Academic,https://uf-scaaep.square.site,https://gatorconnect.ufl.edu/organization/ufscaaep,,,,,,False,Active
gc-432283,American Institute of Aeronautics and Astronautics,AIAA,432283,https://gatorconnect.ufl.edu/organization/aiaa,Academic|Professional|Engineering & Technology,,https://mae.ufl.edu/students/organizations/aiaa,,,,,,False,Active
gc-432193,American Marketing Association,AMA,432193,https://gatorconnect.ufl.edu/organization/amagator,Academic|Service|Social|Special Interest|Professional,https://amagator.com,https://gatorconnect.ufl.edu/organization/amagator,,,,,,False,Active
gc-431267,American Meteorological Society Gator Chapter,AMS Gator Chapter,431267,https://gatorconnect.ufl.edu/organization/amsgatorchapter,Academic|Service|Social|Professional,,https://gatorconnect.ufl.edu/organization/amsgatorchapter,,,,,,False,Active
gc-432925,American Muslim Dental Association,,432925,https://gatorconnect.ufl.edu/organization/amda,Academic|Cultural,,https://gatorconnect.ufl.edu/organization/amda,,,,,,False,Active
gc-430936,American Muslim Medical Students Association,AMMSA,430936,https://gatorconnect.ufl.edu/organization/ammsa,Academic|Religious/Spiritual |Service|Special Interest|Professional,,https://gatorconnect.ufl.edu/organization/ammsa,,,,,,False,Active
gc-431691,American Nuclear Society,ANS,431691,https://gatorconnect.ufl.edu/organization/ans,Academic|Service|Social|Professional|Engineering & Technology,https://teams.microsoft.com/l/team/19%3A1NwOyG8wlhqhQyswYSBBQxRDPHZKfV4LcmF_boTZsus1%40thread.tacv2/conversations?groupId=5483f406-7a3b-4810-8e03-548184e8d3f2&tenantId=0d4da0f8-4a31-4d76-ace6-0a62331e1b84,https://gatorconnect.ufl.edu/organization/ans,,,,,,False,Active
gc-432132,"American Pharmacists Association Academy of Student Pharmacists, Gainesville Campus",APhA-ASP,432132,https://gatorconnect.ufl.edu/organization/ufaphaasp,Academic|Service|Special Interest|Professional,https://pharmacist.com,https://gatorconnect.ufl.edu/organization/ufaphaasp,,aphapharmacists,https://www.instagram.com/aphapharmacists/,MEDIUM,official_website_or_linkhub_homepage,False,Active
gc-431692,American Physician Scientists Association,APSA,431692,https://gatorconnect.ufl.edu/organization/apsa,Academic|Service|Social|Professional,,https://gatorconnect.ufl.edu/organization/apsa,,,,,,False,Active
gc-433542,American Society for Microbiology- Student Chapter,ASM,433542,https://gatorconnect.ufl.edu/organization/asmgators,Academic|Service|Social|Special Interest|Virtual Offerings|Professional,https://asmgators.wixsite.com/home,https://gatorconnect.ufl.edu/organization/asmgators,,,,,,False,Active
gc-433570,American Society of Agricultural and Biological Engineers,ASABE,433570,https://gatorconnect.ufl.edu/organization/asabe,Academic|Service|Social|Professional|Engineering & Technology,,https://gatorconnect.ufl.edu/organization/asabe,,,,,,False,Active
gc-432790,American Society of Biomechanics,ASB,432790,https://gatorconnect.ufl.edu/organization/asb,Academic|Professional|Engineering & Technology,,https://gatorconnect.ufl.edu/organization/asb,,,,,,False,Active
gc-431679,American Society of Civil Engineers,ASCE,431679,https://gatorconnect.ufl.edu/organization/ufasce,Academic|Service|Social|Special Interest,https://gatorasce.weebly.com,https://gatorconnect.ufl.edu/organization/ufasce,,ufasce,https://www.instagram.com/ufasce/,MEDIUM,official_website_or_linkhub_homepage,True,Active
gc-432149,American Society of Consultant Pharmacists ORL,ASCP ORL,432149,https://gatorconnect.ufl.edu/organization/ascp-orl,Academic|Service|Special Interest,,https://gatorconnect.ufl.edu/organization/ascp-orl,,,,,,False,Active
gc-432700,American Society of Mechanical Engineers,ASME,432700,https://gatorconnect.ufl.edu/organization/asme,Academic|Social|Professional|Engineering & Technology,https://asmeuf.org,https://gatorconnect.ufl.edu/organization/asme,,,,,,False,Active
gc-431821,American Student Dental Association,,431821,https://gatorconnect.ufl.edu/organization/asda,Service|Social|Professional,,https://gatorconnect.ufl.edu/organization/asda,,,,,,False,Active
gc-432568,American Vet Med Assoc - Student,SAVMA,432568,https://gatorconnect.ufl.edu/organization/savma,Academic|Professional,,https://education.vetmed.ufl.edu/dvm-curriculum/savma,,,,,,False,Active
gc-432300,Animal Assisted Welfare Club,AAWC,432300,https://gatorconnect.ufl.edu/organization/aawc,Academic|Social,,https://gatorconnect.ufl.edu/organization/aawc,,,,,,False,Active
gc-432430,Animation Club,,432430,https://gatorconnect.ufl.edu/organization/animationclub,Special Interest,,https://gatorconnect.ufl.edu/organization/animationclub,,,,,,False,Active
gc-430972,Anisong Ensemble,Anisong,430972,https://gatorconnect.ufl.edu/organization/anisong,Cultural|Special Interest,https://sites.google.com/view/anisong/home,https://gatorconnect.ufl.edu/organization/anisong,,anisong.uf,https://www.instagram.com/anisong.uf/,HIGH,gatorconnect_explicit_link,False,Active
gc-432902,APPLIED ECONOMICS GRADUATE STUDENT ORGANIZATION,AE-GSO,432902,https://gatorconnect.ufl.edu/organization/aegso,Academic,,https://gatorconnect.ufl.edu/organization/aegso,,,,,,False,Active
gc-432807,Aqua Analytics,,432807,https://gatorconnect.ufl.edu/organization/aquaanalytics,Academic|Service|Special Interest|Engineering & Technology,https://aquaanalytics.netlify.app,https://gatorconnect.ufl.edu/organization/aquaanalytics,,,,,,False,Active
gc-432105,Arab Students' Association,ASA,432105,https://gatorconnect.ufl.edu/organization/arabstudentsassociation,Cultural|Service|Social|Professional,,https://gatorconnect.ufl.edu/organization/arabstudentsassociation,,,,,,False,Active
gc-431740,Arabic Language Learners Club,Allc,431740,https://gatorconnect.ufl.edu/organization/arabiclanguagelearners,Academic|Cultural|Social|Special Interest,,https://gatorconnect.ufl.edu/organization/arabiclanguagelearners,,,,,,False,Active
gc-432412,Archery Club,,432412,https://gatorconnect.ufl.edu/organization/archeryclub,Athletic|Social,,https://gatorconnect.ufl.edu/organization/archeryclub,,,,,,False,Active
gc-431640,Arcoiris,Arcoíris,431640,https://gatorconnect.ufl.edu/organization/arcoiris,Cultural|Social|Special Interest,,https://gatorconnect.ufl.edu/organization/arcoiris,,,,,,False,Active
gc-431805,Argentine Student Association,ArSA,431805,https://gatorconnect.ufl.edu/organization/arsa,Cultural|Social,,https://gatorconnect.ufl.edu/organization/arsa,,,,,,False,Active
gc-431346,Armed Forces Student Dental Association,AFSDA,431346,https://gatorconnect.ufl.edu/organization/afsda,Academic|Service|Professional,,https://gatorconnect.ufl.edu/organization/afsda,,,,,,False,Active
gc-432788,Armenian Student Association,ARMSA,432788,https://gatorconnect.ufl.edu/organization/armsa,Cultural|Social,,https://gatorconnect.ufl.edu/organization/armsa,,,,,,False,Active
gc-431694,Art History Association,AHA,431694,https://gatorconnect.ufl.edu/organization/aha,Academic|Special Interest,,https://gatorconnect.ufl.edu/organization/aha,https://linktr.ee/art.history?utm_source=ig&utm_medium=social&utm_content=link_in_bio&fbclid=PAdGRleATFPnRwZG9mAmV4dG4DYWVtAjExAHNydGMGYXBwX2lkDzEyNDAyNDU3NDI4NzQxNAABpywxA0KyhkDQAbAy6FS1qmazwJQt1hD_sItfNkDvPEiotRHb5qHT7NtthZpO_aem_gf2b9wiRuns4VVh_pUK7-g,,,,,False,Active
gc-432413,Arts in Health,AIH,432413,https://gatorconnect.ufl.edu/organization/none,Academic|Service|Social|Special Interest,,https://gatorconnect.ufl.edu/organization/none,,,,,,False,Active
gc-429915,AscenDance Salsa Club,ASC,429915,https://gatorconnect.ufl.edu/organization/ascendancesalsa,Cultural|Social|Special Interest,,https://gatorconnect.ufl.edu/organization/ascendancesalsa,,,,,,False,Active
gc-431650,Asian Business Student Association,ABSA,431650,https://gatorconnect.ufl.edu/organization/absa,Service|Social|Professional,,https://gatorconnect.ufl.edu/organization/absa,,,,,,False,Active
gc-431872,Asian Kaleidoscope Month,AKM,431872,https://gatorconnect.ufl.edu/organization/asiankaleidoscope,Cultural,,https://gatorconnect.ufl.edu/organization/asiankaleidoscope,,,,,,False,Active
gc-432433,Asian Pacific American Medical Student Association,APAMSA,432433,https://gatorconnect.ufl.edu/organization/apamsa,Academic|Cultural|Service|Social|Professional,,https://gatorconnect.ufl.edu/organization/apamsa,,,,,,False,Active
gc-431216,Asian Student Pharmacists Coalition,ASPC,431216,https://gatorconnect.ufl.edu/organization/asian-student-pharmacists-coalition,Cultural|Service|Social|Professional,,https://gatorconnect.ufl.edu/organization/asian-student-pharmacists-coalition,,,,,,False,Active
gc-433397,ASME Innovative Additive Manufacturing 3D Design,ASME IAM3D,433397,https://gatorconnect.ufl.edu/organization/iam3d,Professional|Engineering & Technology,,https://eng.ufl.edu/undergraduate/programs-and-partnerships/center-for-experiential-learning/student-organizations/list-of-student-organizations/name/innovative-additive-manufacturing-3d,,,,,,False,Active
gc-432434,Assemblé Ballet Company,ABC,432434,https://gatorconnect.ufl.edu/organization/assembleballetcompany,Athletic|Cultural|Special Interest,,https://gatorconnect.ufl.edu/organization/assembleballetcompany,,,,,,False,Active
gc-432102,Association for Computing Machinery,ACM,432102,https://gatorconnect.ufl.edu/organization/acm,Professional|Engineering & Technology,https://uf-acm.com,https://gatorconnect.ufl.edu/organization/acm,,,,,,False,Active
gc-432657,Association for Information Systems,AIS,432657,https://gatorconnect.ufl.edu/organization/ufais,Academic|Social|Professional,https://ufais.org,https://gatorconnect.ufl.edu/organization/ufais,,,,,,False,Active
gc-431857,Association for Women in Mathematics,AWM,431857,https://gatorconnect.ufl.edu/organization/awm,Academic|Social|Professional,,https://awm.math.ufl.edu,,,,,,False,Active
gc-431288,Association of Law and Business,ALB,431288,https://gatorconnect.ufl.edu/organization/alb,Professional,,https://gatorconnect.ufl.edu/organization/alb,,,,,,False,Active
gc-433011,Astronomy and Astrophysics Society,Undergraduate Astronomy Club,433011,https://gatorconnect.ufl.edu/organization/uac,Academic|Social,,https://gatorconnect.ufl.edu/organization/uac,,,,,,False,Active
gc-431212,Athletic Training Student Association,ATSA,431212,https://gatorconnect.ufl.edu/organization/atsa,Academic|Social|Professional,,https://gatorconnect.ufl.edu/organization/atsa,,florida_atsa,https://www.instagram.com/florida_atsa/,HIGH,gatorconnect_explicit_link,False,Active
gc-433263,Audio Engineering Society,AES,433263,https://gatorconnect.ufl.edu/organization/ufaes,Academic|Social|Special Interest|Engineering & Technology,https://ufaes.org,https://gatorconnect.ufl.edu/organization/ufaes,,,,,,False,Active
gc-431359,Avigator Booster Club,,431359,https://gatorconnect.ufl.edu/organization/httpswwwafrotcufledu,Academic,,https://gatorconnect.ufl.edu/organization/httpswwwafrotcufledu,,,,,,False,Active
gc-429902,Bachelor of Arts in Digital Arts and Sciences Society,BADAS Society,429902,https://gatorconnect.ufl.edu/organization/badas_society,Social|Special Interest,,https://gatorconnect.ufl.edu/organization/badas_society,https://linktr.ee/badassociety,badassocietyclub,https://www.instagram.com/badassocietyclub/,HIGH,gatorconnect_explicit_link,False,Active
gc-433540,Balkan Student Association,BkSA,433540,https://gatorconnect.ufl.edu/organization/bksa,Cultural|Social,,https://gatorconnect.ufl.edu/organization/bksa,,,,,,False,Active
gc-429928,Bangladeshi Students' Association,BSA,429928,https://gatorconnect.ufl.edu/organization/ufbsa,Cultural|Social,https://ufbsa.org,https://gatorconnect.ufl.edu/organization/ufbsa,,ufbsa,https://www.instagram.com/ufbsa/,HIGH,gatorconnect_explicit_link,False,Active
gc-431727,BAPS Campus Fellowship,,431727,https://gatorconnect.ufl.edu/organization/bcf,Cultural|Religious/Spiritual |Service,,https://gatorconnect.ufl.edu/organization/bcf,,,,,,False,Active
gc-432119,Baptist Collegiate Ministries,BCM,432119,https://gatorconnect.ufl.edu/organization/bcm,Religious/Spiritual |Service|Social,https://ufbcm.org,https://gatorconnect.ufl.edu/organization/bcm,,uf.sf.bcm,https://www.instagram.com/uf.sf.bcm/,MEDIUM,official_website_or_linkhub_homepage,True,Active
gc-432438,Be Skin Smart,BSS,432438,https://gatorconnect.ufl.edu/organization/beskinsmart,Academic|Service|Special Interest|Professional,,https://gatorconnect.ufl.edu/organization/beskinsmart,,,,,,False,Active
gc-433611,Beats and Boards,,433611,https://gatorconnect.ufl.edu/organization/beatsnboards,Special Interest,,https://gatorconnect.ufl.edu/organization/beatsnboards,,,,,,False,Active
gc-431695,Best Buddies,,431695,https://gatorconnect.ufl.edu/organization/bestbuddies,Service|Social,https://bestbuddiesfriendshipwalk.org/gainesville/about-best-buddies,https://gatorconnect.ufl.edu/organization/bestbuddies,,friendshipwalk,https://www.instagram.com/friendshipwalk/,MEDIUM,official_website_or_linkhub_homepage,True,Active
gc-430259,BETA CHI THETA,,430259,https://gatorconnect.ufl.edu/organization/betachitheta,Social Sorority/Fraternity (RSO SSF),,https://gatorconnect.ufl.edu/organization/betachitheta,,,,,,False,Active
gc-430287,BETA THETA PI,,430287,https://gatorconnect.ufl.edu/organization/betathetapi,Social Sorority/Fraternity (RSO SSF),,https://gatorconnect.ufl.edu/organization/betathetapi,,uf_beta,https://www.instagram.com/uf_beta/,HIGH,gatorconnect_explicit_link,False,Active
gc-432865,Beta Xi Chapter of Tau Beta Sigma,TBS,432865,https://gatorconnect.ufl.edu/organization/tbs,Service,https://tbsbetaxi.wixsite.com/home,https://gatorconnect.ufl.edu/organization/tbs,,,,,,False,Active
gc-432440,Beth Miller Demonstration Team,BeMDeT,432440,https://gatorconnect.ufl.edu/organization/bethmillerdemonstrationteam,Service|Special Interest,,https://gatorconnect.ufl.edu/organization/bethmillerdemonstrationteam,,,,,,False,Active
gc-433222,Bhakti Yoga and Science Club,,433222,https://gatorconnect.ufl.edu/organization/club108,Social|Special Interest|Professional,,https://gatorconnect.ufl.edu/organization/club108,,,,,,False,Active
gc-430629,Big Sister Little Sister Mentoring Program,BSLS,430629,https://gatorconnect.ufl.edu/organization/bigsisterlittlesister,Academic|Service|Social,https://bigsisterlittlesister.org,https://gatorconnect.ufl.edu/organization/bigsisterlittlesister,,,,,,False,Active
gc-431798,Biochemistry and Molecular Biology Club,BMB,431798,https://gatorconnect.ufl.edu/organization/biochemistryandmolecularbiology,Academic,,https://gatorconnect.ufl.edu/organization/biochemistryandmolecularbiology,,,,,,False,Active
gc-432123,Biomedical Engineering Graduate Student Council,BME-GSC,432123,https://gatorconnect.ufl.edu/organization/bme-gsc,Engineering & Technology,,https://gatorconnect.ufl.edu/organization/bme-gsc,,,,,,False,Active
gc-432847,Biomedical Engineering Society,BMES,432847,https://gatorconnect.ufl.edu/organization/biomedical-engineering-society,Academic|Honor Societies|Service|Social|Special Interest,https://sites.google.com/view/ufbmes/home,https://gatorconnect.ufl.edu/organization/biomedical-engineering-society,,,,,,False,Active
gc-432442,Black Graduate Student Organization,BGSO,432442,https://gatorconnect.ufl.edu/organization/bgso,Academic|Cultural|Social,https://bgsoatuf.org,https://gatorconnect.ufl.edu/organization/bgso,,bgsoatuf,https://www.instagram.com/bgsoatuf/,MEDIUM,official_website_or_linkhub_homepage,True,Active
gc-430117,Black Men in Medicine,BMM,430117,https://gatorconnect.ufl.edu/organization/ufblackmeninmedicine,Academic|Service|Social|Professional,,https://gatorconnect.ufl.edu/organization/ufblackmeninmedicine,,uf.bmm,https://www.instagram.com/uf.bmm/,HIGH,gatorconnect_explicit_link,False,Active
gc-431783,Black Student Assembly Committee,BSAC,431783,https://gatorconnect.ufl.edu/organization/bsac,Cultural|Social,,https://gatorconnect.ufl.edu/organization/bsac,,,,,,False,Active
gc-432115,Black Student Pharmacist Association,BSPhA,432115,https://gatorconnect.ufl.edu/organization/bspha,Academic|Cultural|Service|Social|Professional,,https://gatorconnect.ufl.edu/organization/bspha,,,,,,False,Active
gc-430892,Black Student Union,BSU,430892,https://gatorconnect.ufl.edu/organization/ufbsu,Cultural|Service|Social,,https://gatorconnect.ufl.edu/organization/ufbsu,,,,,,False,Active
gc-432382,Black Students in Business,BSiB,432382,https://gatorconnect.ufl.edu/organization/ufbsib,Academic|Social|Professional,,https://gatorconnect.ufl.edu/organization/ufbsib,,ufbsib,https://www.instagram.com/ufbsib/,HIGH,gatorconnect_explicit_link,False,Active
gc-431522,Brazilian Student Association,BRASA,431522,https://gatorconnect.ufl.edu/organization/brasa,Cultural,,https://gatorconnect.ufl.edu/organization/brasa,,,,,,False,Active
gc-433067,Bridge to Soar,,433067,https://gatorconnect.ufl.edu/organization/bridgetosoar,Academic|Service,,https://gatorconnect.ufl.edu/organization/bridgetosoar,,,,,,False,Active
gc-432352,BridgeUSA,BridgeUF (or BridgeUSA at UF),432352,https://gatorconnect.ufl.edu/organization/bridgeusa-uf,Political,https://bridgeusa.org,https://gatorconnect.ufl.edu/organization/bridgeusa-uf,,bridgeusaatuf,https://www.instagram.com/bridgeusaatuf/,HIGH,gatorconnect_explicit_link,False,Active
gc-433021,Brighter Futures Initiative,BFI,433021,https://gatorconnect.ufl.edu/organization/gatoroutreachinitiative,Academic|Service|Social|Virtual Offerings,,https://gatorconnect.ufl.edu/organization/gatoroutreachinitiative,,,,,,False,Active
gc-432354,Brightwired,,432354,https://gatorconnect.ufl.edu/organization/brightwired,Social|Special Interest,,https://gatorconnect.ufl.edu/organization/brightwired,,,,,,False,Active
gc-433404,buildOn,,433404,https://gatorconnect.ufl.edu/organization/buildon,Academic|Cultural|Service|Social|Special Interest,,https://gatorconnect.ufl.edu/organization/buildon,,,,,,False,Active
gc-431928,Built for Joy Gainesville,B4J,431928,https://gatorconnect.ufl.edu/organization/built4joygainesville,Academic|Service|Special Interest,https://sites.google.com/view/built4joygainesville?usp=sharing,https://gatorconnect.ufl.edu/organization/built4joygainesville,,,,,,False,Active
gc-431961,Business College Council,BCC,431961,https://gatorconnect.ufl.edu/organization/bcc,Cultural|Service|Professional,,https://gatorconnect.ufl.edu/organization/bcc,,,,,,False,Active
gc-431756,Business Law Society,BLS,431756,https://gatorconnect.ufl.edu/organization/businesslawsocietyuf,Academic|Service|Special Interest|Professional,https://businesslawsocietyuf.org,https://gatorconnect.ufl.edu/organization/businesslawsocietyuf,,,,,,False,Active
gc-431127,Business Research Group,BRG,431127,https://gatorconnect.ufl.edu/organization/businessresearchgroup,Academic|Special Interest,,https://gatorconnect.ufl.edu/organization/businessresearchgroup,,,,,,False,Active
gc-431307,C++ Club,CPPC,431307,https://gatorconnect.ufl.edu/organization/cppclub,Academic|Social|Professional|Engineering & Technology,https://discord.gg/3Y8R9a4eBF,https://gatorconnect.ufl.edu/organization/cppclub,,,,,,False,Active
gc-432218,Camp Kesem at the University of Flordia,,432218,https://gatorconnect.ufl.edu/organization/campkesemuf,Service,,https://gatorconnect.ufl.edu/organization/campkesemuf,,,,,,False,Active
gc-433402,Campus Cat Crew,Kitty Crew,433402,https://gatorconnect.ufl.edu/organization/campuscatcrew,Service|Social|Special Interest,,https://gatorconnect.ufl.edu/organization/campuscatcrew,,,,,,False,Active
gc-433235,Campus Coalition Against Cancer at UF,CCAC,433235,https://gatorconnect.ufl.edu/organization/ccac,Academic|Service|Social,https://zhemalab.com/acsoc,https://gatorconnect.ufl.edu/organization/ccac,,,,,,False,Active
gc-431240,Campus Engagement,,431240,https://gatorconnect.ufl.edu/organization/campusengagement,New Organizations,,https://studentengagement.ufl.edu/campus-engagement,,,,,,False,Active
gc-431581,Canvas College,,431581,https://gatorconnect.ufl.edu/organization/canvascollege,Religious/Spiritual |Social,https://canvasfl.com/college,https://gatorconnect.ufl.edu/organization/canvascollege,,canvas_fl,https://www.instagram.com/canvas_fl/,MEDIUM,official_website_or_linkhub_homepage,False,Active
gc-429907,Caribbean Students Association,CaribSA,429907,https://gatorconnect.ufl.edu/organization/caribbeanstudentsassociationuf,Academic|Athletic|Cultural|Service|Social,,https://gatorconnect.ufl.edu/organization/caribbeanstudentsassociationuf,,,,,,False,Active
gc-431607,Catalyst Research Scholars,,431607,https://gatorconnect.ufl.edu/organization/catalystresearchscholars,Academic|Engineering & Technology,,https://gatorconnect.ufl.edu/organization/catalystresearchscholars,,,,,,False,Active
gc-431600,Catholic Gator Coalition,CG,431600,https://gatorconnect.ufl.edu/organization/catholic_gator_coalition,Religious/Spiritual |Service|Social,https://catholicgators.org,https://gatorconnect.ufl.edu/organization/catholic_gator_coalition,,,,,,False,Active
gc-431452,Center for Undergraduate Research Board of Students,CURBS,431452,https://gatorconnect.ufl.edu/organization/curbs,Academic|Professional,,https://cur.aa.ufl.edu,,,,,,False,Active
gc-429906,Central Latin American Organization,CALOR,429906,https://gatorconnect.ufl.edu/organization/calor,Cultural|Social,,https://gatorconnect.ufl.edu/organization/calor,,ufcalor,https://www.instagram.com/ufcalor/,HIGH,gatorconnect_explicit_link,False,Active
gc-432383,Changing Health Attitudes and Actions to Recreate Girls,CHAARG,432383,https://gatorconnect.ufl.edu/organization/chaarg,Athletic|Social|Special Interest,https://chaarg.com,https://gatorconnect.ufl.edu/organization/chaarg,,,,,,False,Active
gc-432100,Chemical Engineering Peer Advisors,ChEPA,432100,https://gatorconnect.ufl.edu/organization/chemical-engineering-peer-advisors,Academic|Professional|Engineering & Technology,,https://che.ufl.edu/people/student-organizations/peer-advisors,,,,,,False,Active
gc-430292,CHI OMEGA,,430292,https://gatorconnect.ufl.edu/organization/chiomega,Social Sorority/Fraternity (RSO SSF),,https://gatorconnect.ufl.edu/organization/chiomega,,,,,,False,Active
gc-430288,CHI PHI,,430288,https://gatorconnect.ufl.edu/organization/chiphi,Social Sorority/Fraternity (RSO SSF),,https://gatorconnect.ufl.edu/organization/chiphi,,ufchiphi,https://www.instagram.com/ufchiphi/,HIGH,gatorconnect_explicit_link,False,Active
gc-431947,Chi Sigma Iota- Beta Chapter,CSI,431947,https://gatorconnect.ufl.edu/organization/csi-net,Honor Societies,,https://gatorconnect.ufl.edu/organization/csi-net,,,,,,False,Active
gc-429982,Children Beyond Our Borders,,429982,https://gatorconnect.ufl.edu/organization/cbobuf,Academic|Service|Social,https://chbob.org,https://gatorconnect.ufl.edu/organization/cbobuf,,uf_cbob,https://www.instagram.com/uf_cbob/,HIGH,gatorconnect_explicit_link,False,Active
gc-431939,Children's Future Association,CFA,431939,https://gatorconnect.ufl.edu/organization/uf-cfa,Academic|Service,https://ufchildrensfuture.wixsite.com/childrensfuture,https://gatorconnect.ufl.edu/organization/uf-cfa,,,,,,False,Active
gc-429918,Chinese American Student Association,CASA,429918,https://gatorconnect.ufl.edu/organization/casa,Athletic|Cultural|Service|Social,https://ufcasa.netlify.app,https://gatorconnect.ufl.edu/organization/casa,,ufcasa,https://www.instagram.com/ufcasa/,HIGH,gatorconnect_explicit_link,False,Active
gc-431906,Chinese Christian Student Association,CCSA,431906,https://gatorconnect.ufl.edu/organization/chinese-christian-student-association,Cultural|Religious/Spiritual ,,https://gatorconnect.ufl.edu/organization/chinese-christian-student-association,,,,,,False,Active
gc-431644,Chinese Student Association,CSA,431644,https://gatorconnect.ufl.edu/organization/csa,Cultural|Service|Social|Special Interest|Professional,https://ufcsa.org,https://gatorconnect.ufl.edu/organization/csa,,,,,,False,Active
gc-431693,Chinese Students and Scholars Association,CSSA,431693,https://gatorconnect.ufl.edu/organization/cssa,Cultural|Service|Social,,https://gatorconnect.ufl.edu/organization/cssa,,,,,,False,Active
gc-431518,Chispas,,431518,https://gatorconnect.ufl.edu/organization/chispasuf,Political|Service,https://chispasuf.org,https://gatorconnect.ufl.edu/organization/chispasuf,,chispasuf,https://www.instagram.com/chispasuf/,MEDIUM,official_website_or_linkhub_homepage,False,Active
gc-431700,CHOMP Partners,,431700,https://gatorconnect.ufl.edu/organization/chomp-partners,Academic|Professional,https://chomppartners.com,https://gatorconnect.ufl.edu/organization/chomp-partners,,chompprivateequity,https://www.instagram.com/chompprivateequity/,MEDIUM,official_website_or_linkhub_homepage,False,Active
gc-430824,ChomPics Productions,ChomPics,430824,https://gatorconnect.ufl.edu/organization/chompics-productions,Special Interest,https://chompicsproductions.weebly.com,https://gatorconnect.ufl.edu/organization/chompics-productions,,chompicsproductions,https://www.instagram.com/chompicsproductions/,MEDIUM,official_website_or_linkhub_homepage,False,Active
gc-430969,Christian Medical & Dental Association,CMDA,430969,https://gatorconnect.ufl.edu/organization/cmda,Religious/Spiritual ,,https://gatorconnect.ufl.edu/organization/cmda,,,,,,False,Active
gc-431514,Christian Pharmacists Fellowship International,CPFI,431514,https://gatorconnect.ufl.edu/organization/cpfignv,Religious/Spiritual |Professional,https://cpfi.org,https://gatorconnect.ufl.edu/organization/cpfignv,,christianpharmacistsfi,https://www.instagram.com/christianpharmacistsfi/,MEDIUM,official_website_or_linkhub_homepage,False,Active
gc-431268,Christian Veterinary Fellowship,CVF,431268,https://gatorconnect.ufl.edu/organization/christian-veterinary-fellowship-100043,Academic|Religious/Spiritual |Service,,https://gatorconnect.ufl.edu/organization/christian-veterinary-fellowship-100043,,,,,,False,Active
gc-432425,Chronically Outside,CO,432425,https://gatorconnect.ufl.edu/organization/chronicallyoutside,Cultural|Social|Special Interest,,https://gatorconnect.ufl.edu/organization/chronicallyoutside,https://linktr.ee/chronicallyoutsideuf,,,,,False,Active
gc-431962,Circle K International,CKI,431962,https://gatorconnect.ufl.edu/organization/circlek,Service|Social|Professional,https://ufcki.weebly.com,https://gatorconnect.ufl.edu/organization/circlek,,,,,,False,Active
gc-432134,CLAS Student Council,CLAS,432134,https://gatorconnect.ufl.edu/organization/clas_studentcouncil,Academic,,https://classc.clas.ufl.edu,,,,,,False,Active
gc-432447,Climate Active Gator,CAG,432447,https://gatorconnect.ufl.edu/organization/climateactiongator,Political|Service|Special Interest,,https://gatorconnect.ufl.edu/organization/climateactiongator,https://linktr.ee/Climateactiongators,,,,,False,Active
gc-431978,CLO on Campus,CLO,431978,https://gatorconnect.ufl.edu/organization/clo-on-campus,Academic|Cultural|Social,https://cloliving.org,https://gatorconnect.ufl.edu/organization/clo-on-campus,,,,,,False,Active
gc-432947,Club Baseball,,432947,https://gatorconnect.ufl.edu/organization/clubbaseball,Athletic,,https://gatorconnect.ufl.edu/organization/clubbaseball,,,,,,False,Active
gc-431984,Club Creole,CC,431984,https://gatorconnect.ufl.edu/organization/clubcreole,Academic|Athletic|Cultural|Service|Social,,https://gatorconnect.ufl.edu/organization/clubcreole,https://linktr.ee/ufclubcreole,,,,,False,Active
gc-432950,Club Esports,,432950,https://gatorconnect.ufl.edu/organization/clubesports,Athletic|Social|Engineering & Technology,,https://gatorconnect.ufl.edu/organization/clubesports,,,,,,False,Active
gc-433189,Club Golf,,433189,https://gatorconnect.ufl.edu/organization/clubgolf,Athletic|Service|Social,https://nccga.org/app/teams/university-of-florida-club-golf,https://gatorconnect.ufl.edu/organization/clubgolf,,nccga,https://www.instagram.com/nccga/,MEDIUM,official_website_or_linkhub_homepage,True,Active
gc-433012,Club Pickleball,,433012,https://gatorconnect.ufl.edu/organization/clubpickleball,Athletic|Social,,https://gatorconnect.ufl.edu/organization/clubpickleball,,,,,,False,Active
gc-432891,Club Sailing Team,,432891,https://gatorconnect.ufl.edu/organization/clubsail,Athletic,https://ufsailingteam.wixsite.com,https://gatorconnect.ufl.edu/organization/clubsail,,,,,,False,Active
gc-433199,Club Table Tennis,GTTA,433199,https://gatorconnect.ufl.edu/organization/gtta,Athletic,,https://gatorconnect.ufl.edu/organization/gtta,,ufclubtabletennis,https://www.instagram.com/ufclubtabletennis/,HIGH,gatorconnect_external_website_is_instagram,False,Active
gc-432949,Club Tennis,UF Club Tennis,432949,https://gatorconnect.ufl.edu/organization/clubtennis,Athletic,,https://gatorconnect.ufl.edu/organization/clubtennis,,,,,,False,Active
gc-432890,Club Underwater Hockey,UWH,432890,https://gatorconnect.ufl.edu/organization/underwaterhockey,Athletic|Social|Special Interest,https://underwaterhockeyuf.wixsite.com/uf-underwater-hockey,https://gatorconnect.ufl.edu/organization/underwaterhockey,,ufunderwaterhockey,https://www.instagram.com/ufunderwaterhockey/,HIGH,gatorconnect_explicit_link,False,Active
gc-431477,Coastal Graduate Students Association,CGSA,431477,https://gatorconnect.ufl.edu/organization/cgsa,Academic|Social|Special Interest|Professional,,https://gatorconnect.ufl.edu/organization/cgsa,,,,,,False,Active
gc-433272,College Democrats,,433272,https://gatorconnect.ufl.edu/organization/collegedemocrats,Political|Service|Social|Special Interest|Professional,https://ufcollegedems.org,https://gatorconnect.ufl.edu/organization/collegedemocrats,,ufcollegedemocrats,https://www.instagram.com/ufcollegedemocrats/,MEDIUM,official_website_or_linkhub_homepage,False,Active
gc-433019,College of Liberal Arts and Sciences Ambassadors,CLAS Ambassadors,433019,https://gatorconnect.ufl.edu/organization/clasambassadors,Academic|Service|Social,,https://gatorconnect.ufl.edu/organization/clasambassadors,,,,,,False,Active
gc-432285,College of Pharmacy Graduate Student Organization,,432285,https://gatorconnect.ufl.edu/organization/copgso,Academic,,https://graduateeducation.pharmacy.ufl.edu/students/graduate-student-council,,,,,,False,Active
gc-432645,College of Pharmacy Student Ambassadors,,432645,https://gatorconnect.ufl.edu/organization/cop-student-ambassadors,Academic|Service|Professional,,https://gatorconnect.ufl.edu/organization/cop-student-ambassadors,,,,,,False,Active
gc-433236,College Republicans,UFCR,433236,https://gatorconnect.ufl.edu/organization/ufcr,Academic|Political|Social,https://ufcr.online,https://gatorconnect.ufl.edu/organization/ufcr,,ufcollegerepublicans,https://www.instagram.com/ufcollegerepublicans/,MEDIUM,official_website_or_linkhub_homepage,False,Active
gc-433271,College Republicans - Federated,CR's,433271,https://gatorconnect.ufl.edu/organization/collegerepublicans-federated,Political,https://ffcr.gop,https://gatorconnect.ufl.edu/organization/collegerepublicans-federated,,,,,,False,Active
gc-431790,ColorStack at the University of Florida,ColorStack UF,431790,https://gatorconnect.ufl.edu/organization/colorstack-uf,Academic|Cultural|Social|Professional|Engineering & Technology,,https://gatorconnect.ufl.edu/organization/colorstack-uf,,,,,,False,Active
gc-430823,Common Ground FL,,430823,https://gatorconnect.ufl.edu/organization/cgfl,Academic|Political|Special Interest,https://commongroundfl.org,https://gatorconnect.ufl.edu/organization/cgfl,,commonground_uf,https://www.instagram.com/commonground_uf/,HIGH,gatorconnect_explicit_link,False,Active
gc-432608,Companion Animal Behavior and Dentistry,CABD,432608,https://gatorconnect.ufl.edu/organization/ufcvmcabd,Special Interest,,https://gatorconnect.ufl.edu/organization/ufcvmcabd,,,,,,False,Active
gc-431925,"Connect, Awareness, Response, Education",CARE,431925,https://gatorconnect.ufl.edu/organization/care,Service|Social,,https://gatorconnect.ufl.edu/organization/care,,,,,,False,Active
gc-432515,Conservation Research & Epidemiology of Wildlife,CREW,432515,https://gatorconnect.ufl.edu/organization/ufcvm_crew,Academic|Professional,,https://gatorconnect.ufl.edu/organization/ufcvm_crew,,,,,,False,Active
gc-432346,Construye LATAM,Constru,432346,https://gatorconnect.ufl.edu/organization/construyelatam,Service|Social|Special Interest,,https://gatorconnect.ufl.edu/organization/construyelatam,,,,,,False,Active
gc-433362,Contemporary Vocal Ensemble,CVE,433362,https://gatorconnect.ufl.edu/organization/cve,New Organizations,,https://gatorconnect.ufl.edu/organization/cve,,,,,,False,Active
gc-433029,Crafting Care,,433029,https://gatorconnect.ufl.edu/organization/craftingcare,Service|Social|Special Interest,,https://gatorconnect.ufl.edu/organization/craftingcare,,,,,,False,Active
gc-429914,Create for Kids,CFK,429914,https://gatorconnect.ufl.edu/organization/createforkids,Service|Social|Special Interest,https://createforkids.org,https://gatorconnect.ufl.edu/organization/createforkids,,,,,,False,Active
gc-430053,Creative Writing Club,CWC,430053,https://gatorconnect.ufl.edu/organization/cwc,Academic|Social|Special Interest,,https://gatorconnect.ufl.edu/organization/cwc,,,,,,False,Active
gc-431762,Criminal Law Association,CLA,431762,https://gatorconnect.ufl.edu/organization/criminal-law-association,Academic,,https://gatorconnect.ufl.edu/organization/criminal-law-association,,,,,,False,Active
gc-432003,Criminology and Law Honor Society,CLHS,432003,https://gatorconnect.ufl.edu/organization/clhs,Academic|Honor Societies|Professional,https://clhsufl.wixsite.com/clhsufl,https://gatorconnect.ufl.edu/organization/clhs,,ufclhs,https://www.instagram.com/ufclhs/,MEDIUM,official_website_or_linkhub_homepage,True,Active
gc-432879,CRU,,432879,https://gatorconnect.ufl.edu/organization/cruatuf,Religious/Spiritual |Social,https://cruatuf.com,https://gatorconnect.ufl.edu/organization/cruatuf,,cruatuf,https://www.instagram.com/cruatuf/,MEDIUM,official_website_or_linkhub_homepage,False,Active
gc-431681,CS Kickstart,CSK,431681,https://gatorconnect.ufl.edu/organization/cs-kickstart,Academic|Social|Special Interest|Professional|Engineering & Technology,https://ufcskickstart.com,https://gatorconnect.ufl.edu/organization/cs-kickstart,,,,,,False,Active
gc-431835,Cuban American Student Association,CASA,431835,https://gatorconnect.ufl.edu/organization/cubanamericanstudentassociation,Cultural,,https://gatorconnect.ufl.edu/organization/cubanamericanstudentassociation,,nuestracasauf,https://www.instagram.com/nuestracasauf/,HIGH,gatorconnect_explicit_link,False,Active
gc-432419,Culinary Arts Student Union,CASU,432419,https://gatorconnect.ufl.edu/organization/casu,Cultural|Social|Special Interest,,https://gatorconnect.ufl.edu/organization/casu,,,,,,False,Active
gc-433016,Cuong Nhu Martial Arts Cypress Dojo,Cuong Nhu Martial Arts,433016,https://gatorconnect.ufl.edu/organization/cuongnhumartialarts,Athletic,https://ufcuongnhu.wixsite.com/home,https://gatorconnect.ufl.edu/organization/cuongnhumartialarts,,ufcuongnhuclub,https://www.instagram.com/ufcuongnhuclub/,MEDIUM,official_website_or_linkhub_homepage,False,Active
gc-433560,CVM Class of 2028,,433560,https://gatorconnect.ufl.edu/organization/cvm2028,New Organizations,,https://gatorconnect.ufl.edu/organization/cvm2028,,,,,,False,Active
gc-433642,CVM Class of 2030,CVM 2030,433642,https://gatorconnect.ufl.edu/organization/cvm2030,Academic|Professional,,https://gatorconnect.ufl.edu/organization/cvm2030,,,,,,False,Active
gc-432625,Dance in a Suitcase,DIAS,432625,https://gatorconnect.ufl.edu/organization/danceinasuitcase,Athletic|Social,,https://gatorconnect.ufl.edu/organization/danceinasuitcase,,,,,,False,Active
gc-432108,Dance Marathon,DM at UF,432108,https://gatorconnect.ufl.edu/organization/floridadm,Service|Social|Professional,https://floridadm.org,https://gatorconnect.ufl.edu/organization/floridadm,,,,,,False,Active
gc-430484,Danza Dance Company,Danza,430484,https://gatorconnect.ufl.edu/organization/danza,Athletic|Social|Special Interest,,https://gatorconnect.ufl.edu/organization/danza,,,,,,False,Active
gc-432172,Data Science and Informatics,DSI,432172,https://gatorconnect.ufl.edu/organization/dsi,Academic|Social|Virtual Offerings|Professional|Engineering & Technology,https://ufdsi.com,https://gatorconnect.ufl.edu/organization/dsi,,uf_dsi,https://www.instagram.com/uf_dsi/,MEDIUM,official_website_or_linkhub_homepage,True,Active
gc-432562,Data Science for Sustainable Development,DSSD,432562,https://gatorconnect.ufl.edu/organization/data-for-good,Special Interest|Professional|Engineering & Technology,https://gainesville.dssdglobal.org,https://gatorconnect.ufl.edu/organization/data-for-good,,dssd.gnv,https://www.instagram.com/dssd.gnv/,MEDIUM,official_website_or_linkhub_homepage,True,Active
gc-430885,Delight,,430885,https://gatorconnect.ufl.edu/organization/delight,Religious/Spiritual ,,https://gatorconnect.ufl.edu/organization/delight,,floridadelight,https://www.instagram.com/floridadelight/,HIGH,gatorconnect_explicit_link,False,Active
gc-433086,Delta Alpha Pi Honor Society,DAPi,433086,https://gatorconnect.ufl.edu/organization/dapi,Academic|Honor Societies|Social|Virtual Offerings,,https://disability.ufl.edu/get-involved/dapi,,,,,,False,Active
gc-430253,DELTA CHI,,430253,https://gatorconnect.ufl.edu/organization/deltachi,Social Sorority/Fraternity (RSO SSF),https://ufdeltachi.org,https://gatorconnect.ufl.edu/organization/deltachi,,ufdeltachi,https://www.instagram.com/ufdeltachi/,HIGH,gatorconnect_explicit_link,False,Active
gc-430274,DELTA DELTA DELTA,Tri Delta,430274,https://gatorconnect.ufl.edu/organization/deltadeltadelta,Social Sorority/Fraternity (RSO SSF),https://tridelta.org,https://gatorconnect.ufl.edu/organization/deltadeltadelta,,tridelta,https://www.instagram.com/tridelta/,MEDIUM,official_website_or_linkhub_homepage,False,Active
gc-431593,Delta Delta Sigma Pre-Dental Honor Society,DDS,431593,https://gatorconnect.ufl.edu/organization/ufdds,Honor Societies,,https://gatorconnect.ufl.edu/organization/ufdds,,,,,,False,Active
gc-430270,DELTA GAMMA,,430270,https://gatorconnect.ufl.edu/organization/delta-gamma,Social Sorority/Fraternity (RSO SSF),https://deltagammauf.com,https://gatorconnect.ufl.edu/organization/delta-gamma,,ufdeltagamma,https://www.instagram.com/ufdeltagamma/,MEDIUM,official_website_or_linkhub_homepage,False,Active
gc-430496,Delta Nu Zeta - Beta Chapter,Delta Nu Zeta,430496,https://gatorconnect.ufl.edu/organization/deltanuzeta,Special Interest,,https://gatorconnect.ufl.edu/organization/deltanuzeta,,deltanuzetauf,https://www.instagram.com/deltanuzetauf/,HIGH,gatorconnect_explicit_link,False,Active
gc-430279,DELTA PHI EPSILON,,430279,https://gatorconnect.ufl.edu/organization/deltaphiepsilon,Social Sorority/Fraternity (RSO SSF),,https://gatorconnect.ufl.edu/organization/deltaphiepsilon,,ufdphie,https://www.instagram.com/ufdphie/,HIGH,gatorconnect_explicit_link,False,Active
gc-430275,DELTA PHI OMEGA,,430275,https://gatorconnect.ufl.edu/organization/deltaphiomega,Social Sorority/Fraternity (RSO SSF),,https://gatorconnect.ufl.edu/organization/deltaphiomega,,,,,,False,Active
gc-430271,DELTA SIGMA PHI,,430271,https://gatorconnect.ufl.edu/organization/deltasigmaphi,Social Sorority/Fraternity (RSO SSF),https://floridadeltasig.com,https://gatorconnect.ufl.edu/organization/deltasigmaphi,,ufdeltasig,https://www.instagram.com/ufdeltasig/,HIGH,gatorconnect_explicit_link,False,Active
gc-430296,DELTA TAU DELTA,DELT,430296,https://gatorconnect.ufl.edu/organization/deltataudelta,Social Sorority/Fraternity (RSO SSF),https://ufdelts.org,https://gatorconnect.ufl.edu/organization/deltataudelta,,ufdelts,https://www.instagram.com/ufdelts/,HIGH,gatorconnect_explicit_link,False,Active
gc-430295,DELTA ZETA,,430295,https://gatorconnect.ufl.edu/organization/deltazeta,Social Sorority/Fraternity (RSO SSF),,https://gatorconnect.ufl.edu/organization/deltazeta,,,,,,False,Active
gc-432206,Dental Esthetic Society,DES,432206,https://gatorconnect.ufl.edu/organization/dentalestheticsociety,Academic|Special Interest|Professional,,https://gatorconnect.ufl.edu/organization/dentalestheticsociety,,,,,,False,Active
gc-433556,Dermatology Education & Resources Medical Association,DERMA,433556,https://gatorconnect.ufl.edu/organization/derma-uf,Academic|Service|Special Interest|Professional,,https://gatorconnect.ufl.edu/organization/derma-uf,,,,,,False,Active
gc-431620,Deutschklub,,431620,https://gatorconnect.ufl.edu/organization/deutschklubatuf,Cultural|Social,,https://gatorconnect.ufl.edu/organization/deutschklubatuf,,ufdeutschklub,https://www.instagram.com/ufdeutschklub/,HIGH,gatorconnect_explicit_link,False,Active
gc-429942,Digital Worlds Student Ambassadors,,429942,https://gatorconnect.ufl.edu/organization/dwambassadors,Academic|Service,,https://gatorconnect.ufl.edu/organization/dwambassadors,,digitalworldsambassadors,https://www.instagram.com/digitalworldsambassadors/,HIGH,gatorconnect_explicit_link,False,Active
gc-432940,Disability Law Association,DLA,432940,https://gatorconnect.ufl.edu/organization/disabilitylawassociation,Academic|Professional,,https://gatorconnect.ufl.edu/organization/disabilitylawassociation,,,,,,False,Active
gc-431468,Discerning Health Pathways,DHP,431468,https://gatorconnect.ufl.edu/organization/dhp,Academic|Service|Professional,,https://gatorconnect.ufl.edu/organization/dhp,,,,,,False,Active
gc-432348,Disparity in Dentistry,DnD,432348,https://gatorconnect.ufl.edu/organization/ufdnd,Academic|Service|Special Interest|Professional,https://ufdnd.com,https://gatorconnect.ufl.edu/organization/ufdnd,,uf_dnd,https://www.instagram.com/uf_dnd/,HIGH,gatorconnect_explicit_link,False,Active
gc-431434,Diverse Invested Student Securities Capital,DISS,431434,https://gatorconnect.ufl.edu/organization/disscapital,Academic|Special Interest|Professional,https://disscapital.com,https://gatorconnect.ufl.edu/organization/disscapital,,,,,,False,Active
gc-433637,Diversity Affirmations and Awareness Committee,DAAC,433637,https://gatorconnect.ufl.edu/organization/diversity-affirmations-and-awareness-committee,Academic|Cultural,,https://gatorconnect.ufl.edu/organization/diversity-affirmations-and-awareness-committee,,,,,,False,Active
gc-433650,Do-It-Yourself Research,DIYR,433650,https://gatorconnect.ufl.edu/organization/diyr,Academic|Special Interest|Virtual Offerings|Professional,https://sites.google.com/ufl.edu/gatordiyr/about-diyr?authuser=0,https://gatorconnect.ufl.edu/organization/diyr,,,,,,False,Active
gc-433652,Do-It-Yourself Volunteering,DIYV,433652,https://gatorconnect.ufl.edu/organization/diyv,Academic|Service|Social|Special Interest|Virtual Offerings|Professional|Engineering & Technology,,https://gatorconnect.ufl.edu/organization/diyv,,,,,,False,Active
gc-432151,Dominican Student Association,DSA,432151,https://gatorconnect.ufl.edu/organization/dominicanstudents,Cultural|Social,,https://gatorconnect.ufl.edu/organization/dominicanstudents,,,,,,False,Active
gc-432110,Dostana,,432110,https://gatorconnect.ufl.edu/organization/dostana,Cultural|Social,,https://gatorconnect.ufl.edu/organization/dostana,,,,,,False,Active
gc-431965,Down to Dance,,431965,https://gatorconnect.ufl.edu/organization/down2dance_universityofflorida,Service,,https://gatorconnect.ufl.edu/organization/down2dance_universityofflorida,,,,,,False,Active
gc-431942,Dream Team,,431942,https://gatorconnect.ufl.edu/organization/dreamteam,Service,https://ufdreamteam.org,https://gatorconnect.ufl.edu/organization/dreamteam,,,,,,False,Active
gc-431667,Dream Team Engineering,DTE,431667,https://gatorconnect.ufl.edu/organization/dreamteameng,Academic|Engineering & Technology,https://dreamteameng.org,https://gatorconnect.ufl.edu/organization/dreamteameng,,,,,,False,Active
gc-433031,Early Childhood and Special Education Association of Doctoral Students,ECSEADS,433031,https://gatorconnect.ufl.edu/organization/361645452049,Social|Virtual Offerings,,https://gatorconnect.ufl.edu/organization/361645452049,,,,,,False,Active
gc-432298,ECE Ambassadors,ECEA,432298,https://gatorconnect.ufl.edu/organization/ecea,Academic|Professional|Engineering & Technology,,https://ece.ufl.edu/people/ece-ambassadors,,,,,,False,Active
gc-431909,Eco-Gator,,431909,https://gatorconnect.ufl.edu/organization/eco-gator,Service|Social,,https://gatorconnect.ufl.edu/organization/eco-gator,,,,,,False,Active
gc-429953,Ecuadorian Culture & Heritage Association,ECHA,429953,https://gatorconnect.ufl.edu/organization/echaatuf,Cultural|Social|Special Interest,https://ufhsa.com/ecuadorian-culture-and-heritage-ass,https://gatorconnect.ufl.edu/organization/echaatuf,,,,LOW,official_website_multiple_candidates,True,Active
gc-432021,Egyptian Student Association,ESA,432021,https://gatorconnect.ufl.edu/organization/esa,Cultural|Service|Professional,,https://gatorconnect.ufl.edu/organization/esa,,esa.ufl,https://www.instagram.com/esa.ufl/,HIGH,gatorconnect_explicit_link,False,Active
gc-432626,Elevate Agency,,432626,https://gatorconnect.ufl.edu/organization/elevateagency,Professional,https://ufelevate.wixsite.com/elevateagency,https://gatorconnect.ufl.edu/organization/elevateagency,,ufelevate,https://www.instagram.com/ufelevate/,MEDIUM,official_website_or_linkhub_homepage,False,Active
gc-433216,Eleven22 Outpost,,433216,https://gatorconnect.ufl.edu/organization/coe22,Religious/Spiritual ,https://my.coe22.com/page/2412?GroupGuid=4e628a51-b629-4449-8eb9-0f61b5e730a0,https://gatorconnect.ufl.edu/organization/coe22,,,,,,False,Active
gc-432022,Embodied Intelligence Group,EIG,432022,https://gatorconnect.ufl.edu/organization/eig,Academic|Special Interest,https://ufeig.com,https://gatorconnect.ufl.edu/organization/eig,,eig_uf,https://www.instagram.com/eig_uf/,HIGH,gatorconnect_explicit_link,False,Active
gc-432027,Embrace Productions,Embrace,432027,https://gatorconnect.ufl.edu/organization/embraceproductions,Cultural|Special Interest,,https://gatorconnect.ufl.edu/organization/embraceproductions,,,,,,False,Active
gc-432774,EMPRESS Interest Group,EMPRESS,432774,https://gatorconnect.ufl.edu/organization/ufempress,Social,,https://gatorconnect.ufl.edu/organization/ufempress,,,,,,False,Active
gc-432715,Enactus Club,Enactus,432715,https://gatorconnect.ufl.edu/organization/ufenactus,Academic|Cultural|Service|Professional,https://enactusufl.wixsite.com/enactus-university-o,https://gatorconnect.ufl.edu/organization/ufenactus,,,,,,False,Active
gc-432305,Engineering Ambassadors,EA,432305,https://gatorconnect.ufl.edu/organization/engineeringambassadors,Academic|Service|Social|Professional|Engineering & Technology,,https://eng.ufl.edu/engineeringambassadors,,,,,,False,Active
gc-433494,Engineering Leadership Circle,ELC,433494,https://gatorconnect.ufl.edu/organization/elc,Academic|Honor Societies|Professional|Engineering & Technology,https://ufelc.weebly.com,https://gatorconnect.ufl.edu/organization/elc,,,,LOW,official_website_multiple_candidates,True,Active
gc-432161,Engineers Without Borders,EWB,432161,https://gatorconnect.ufl.edu/organization/engineerswithoutborders,Cultural|Service|Professional|Engineering & Technology,https://ewbuflorida.org,https://gatorconnect.ufl.edu/organization/engineerswithoutborders,,,,,,False,Active
gc-433338,English Graduate Organization,EGO,433338,https://gatorconnect.ufl.edu/organization/english-ufl-edu,Academic,,https://english.ufl.edu/graduate-programs/english-graduate-organization-ego,,,,,,False,Active
gc-433615,Entertainment Arts and Sports law Society,(EASLS),433615,https://gatorconnect.ufl.edu/organization/easls,Academic|Athletic|Social|Professional,,https://gatorconnect.ufl.edu/organization/easls,,,,,,False,Active
gc-433081,Entrepreneurship and AI Law Society,EAILS,433081,https://gatorconnect.ufl.edu/organization/eailsuf,Academic|Special Interest|Professional|Engineering & Technology,,https://gatorconnect.ufl.edu/organization/eailsuf,,eailsuf,https://www.instagram.com/eailsuf/,HIGH,gatorconnect_external_website_is_instagram,False,Active
gc-433536,Entrepreneurship Through Acquisition Club,ETA,433536,https://gatorconnect.ufl.edu/organization/entrepreneurship-through-acquisition-club,Academic|Professional|Engineering & Technology,,https://gatorconnect.ufl.edu/organization/entrepreneurship-through-acquisition-club,,,,,,False,Active
gc-431236,Environmental and Land Use Law Society,ELULS,431236,https://gatorconnect.ufl.edu/organization/ufpiec,Academic,,https://gatorconnect.ufl.edu/organization/ufpiec,,,,,,False,Active
gc-433618,Environmental and Land Use Pre-Law Society,ELUPS,433618,https://gatorconnect.ufl.edu/organization/elups,Academic|Political|Special Interest,,https://gatorconnect.ufl.edu/organization/elups,,,,,,False,Active
gc-433386,Environmental Science Alliance,EVSA,433386,https://gatorconnect.ufl.edu/organization/ufevsa,Academic|Social|Special Interest,,https://gatorconnect.ufl.edu/organization/ufevsa,,,,,,False,Active
gc-433122,Epsilon Tau Pi,ETPi,433122,https://gatorconnect.ufl.edu/organization/etpi,Service|Social Fraternities/Sororities ,,https://gatorconnect.ufl.edu/organization/etpi,,,,,,False,Active
gc-432299,Eta Kappa Nu,IEEE-HKN,432299,https://gatorconnect.ufl.edu/organization/hkn,Academic|Honor Societies|Service,,https://ece.ufl.edu/hkn,,,,,,False,Active
gc-433348,"Eta Sigma Gamma, Alpha Lambda Chapter",ESG,433348,https://gatorconnect.ufl.edu/organization/etasigmagamma,Academic|Honor Societies|Service|Social|Virtual Offerings|Professional,,https://gatorconnect.ufl.edu/organization/etasigmagamma,,,,,,False,Active
gc-430843,Ethnoecology Society,Ethnogarden,430843,https://gatorconnect.ufl.edu/organization/ethnogarden,Cultural|Social,,https://botany.biology.ufl.edu/why-study-botany-at-uf/resources/ethnoecology-garden,,ufethnogarden,https://www.instagram.com/ufethnogarden/,HIGH,gatorconnect_explicit_link,False,Active
gc-433653,Etiquette Around the World Club,EAW,433653,https://gatorconnect.ufl.edu/organization/etiquettearoundtheworld,Cultural|Service|Professional,https://sites.google.com/view/etiquette-around-the-world?usp=sharing,https://gatorconnect.ufl.edu/organization/etiquettearoundtheworld,,,,,,False,Active
gc-430924,European Union Club,EU Club,430924,https://gatorconnect.ufl.edu/organization/euclub,Academic|Cultural|Political|Social|Special Interest,,https://gatorconnect.ufl.edu/organization/euclub,,,,,,False,Active
gc-431897,Everglades Student Association,,431897,https://gatorconnect.ufl.edu/organization/everglades-sa,Academic|Athletic|Cultural|Social|Virtual Offerings|Professional,,https://gatorconnect.ufl.edu/organization/everglades-sa,,,,,,False,Active
gc-432996,Everyday Ice Cream,EIC,432996,https://gatorconnect.ufl.edu/organization/everyday_ice_cream,Athletic|Social|Special Interest,,https://gatorconnect.ufl.edu/organization/everyday_ice_cream,,,,,,False,Active
gc-432955,Explore Run Club,EXP,432955,https://gatorconnect.ufl.edu/organization/explorerunclub,Athletic|Service|Social,https://exprunclub.vercel.app,https://gatorconnect.ufl.edu/organization/explorerunclub,,,,,,False,Active
gc-431253,Extreme Dance Company,,431253,https://gatorconnect.ufl.edu/organization/extremedancecompany,Athletic|Social|Special Interest,https://sites.google.com/view/extremecompanywebsite?usp=sharing,https://gatorconnect.ufl.edu/organization/extremedancecompany,,extremedanceuf,https://www.instagram.com/extremedanceuf/,HIGH,gatorconnect_explicit_link,False,Active
gc-432178,F.E.M. Films,F.E.M.,432178,https://gatorconnect.ufl.edu/organization/fem_films,Academic|Social|Special Interest|Professional,https://femfilmsinc.com,https://gatorconnect.ufl.edu/organization/fem_films,,,,LOW,official_website_multiple_candidates,True,Active
gc-431924,Facts of Life,FOL,431924,https://gatorconnect.ufl.edu/organization/factsoflife,Academic|Service|Social,,https://gatorconnect.ufl.edu/organization/factsoflife,,,,,,False,Active
gc-431441,Fast-A-Thon Committee,FATC,431441,https://gatorconnect.ufl.edu/organization/fatc,Religious/Spiritual |Service|Social,https://islamoncampus.com,https://gatorconnect.ufl.edu/organization/fatc,,,,,,False,Active
gc-432993,Fellowship of Christian Athletes,FCA,432993,https://gatorconnect.ufl.edu/organization/gatorfca,Athletic|Religious/Spiritual ,,https://gatorconnect.ufl.edu/organization/gatorfca,,,,,,False,Active
gc-431339,Female Leadership & Charity Club,FLCC,431339,https://gatorconnect.ufl.edu/organization/flcc,Service,https://flccgiving.org,https://gatorconnect.ufl.edu/organization/flcc,,femaleleadership_charityclub,https://www.instagram.com/femaleleadership_charityclub/,HIGH,gatorconnect_explicit_link,False,Active
gc-433383,Fermentation Club,,433383,https://gatorconnect.ufl.edu/organization/fermentationclub,Academic|Social|Engineering & Technology,,https://gatorconnect.ufl.edu/organization/fermentationclub,,,,,,False,Active
gc-430090,Filipino Student Association,FSA,430090,https://gatorconnect.ufl.edu/organization/uffsa,Academic|Cultural|Service|Social,https://uffsa.net,https://gatorconnect.ufl.edu/organization/uffsa,,uffsa,https://www.instagram.com/uffsa/,HIGH,gatorconnect_explicit_link,False,Active
gc-431161,Financial Wellness in Medicine,FWM,431161,https://gatorconnect.ufl.edu/organization/fwm,Professional,,https://gatorconnect.ufl.edu/organization/fwm,,,,,,False,Active
gc-432951,Fine Arts College Council,FACC,432951,https://gatorconnect.ufl.edu/organization/facc,New Organizations,,https://gatorconnect.ufl.edu/organization/facc,,,,,,False,Active
gc-431658,First Generation Lawyers,FGL,431658,https://gatorconnect.ufl.edu/organization/fgl,Academic|Service|Social|Special Interest|Virtual Offerings,,https://gatorconnect.ufl.edu/organization/fgl,,,,,,False,Active
gc-429903,First Generation Leadership Program,FGLP,429903,https://gatorconnect.ufl.edu/organization/fglp,Academic|Service|Social|Special Interest,https://fglpuf.com,https://gatorconnect.ufl.edu/organization/fglp,,,,,,False,Active
gc-432029,First Responder Gator,FRG,432029,https://gatorconnect.ufl.edu/organization/frgator,Academic|Professional,,https://gatorconnect.ufl.edu/organization/frgator,,,,,,False,Active
gc-433586,First-Generation Business Leaders,FGBL,433586,https://gatorconnect.ufl.edu/organization/fgbl,Professional,,https://gatorconnect.ufl.edu/organization/fgbl,,,,,,False,Active
gc-432154,First-Year Leadership Experience,FLE,432154,https://gatorconnect.ufl.edu/organization/fleatuf,Academic|Service|Social|Professional,,https://gatorconnect.ufl.edu/organization/fleatuf,,,,,,False,Active
gc-433306,First-Year Leadership Program,FLP,433306,https://gatorconnect.ufl.edu/organization/first-year_leadership_program,Academic|Cultural|Service|Social|Professional,https://ufaasu.org/suborgs/flp,https://gatorconnect.ufl.edu/organization/first-year_leadership_program,,,,,,False,Active
gc-432002,FL Academy of General Dentistry Student Chapter,FL AGD Student Chapter,432002,https://gatorconnect.ufl.edu/organization/flagd,Academic|Special Interest,,https://gatorconnect.ufl.edu/organization/flagd,,,,,,False,Active
gc-432126,Flipping the System,FTS,432126,https://gatorconnect.ufl.edu/organization/flippingthesystem,Cultural|Service|Social|Special Interest,https://flippingthesystem.org,https://gatorconnect.ufl.edu/organization/flippingthesystem,,flippingthesystem,https://www.instagram.com/flippingthesystem/,MEDIUM,official_website_or_linkhub_homepage,False,Active
gc-431841,Florida Actuarial Student Society,FASS,431841,https://gatorconnect.ufl.edu/organization/fass,Academic|Professional,,https://stat.ufl.edu/florida-actuarial-student-society,,fass_uf,https://www.instagram.com/fass_uf/,HIGH,gatorconnect_explicit_link,False,Active
gc-433378,Florida Anthropology Student Association,FASA,433378,https://gatorconnect.ufl.edu/organization/fasa,Academic,https://fasauf.wordpress.com,https://gatorconnect.ufl.edu/organization/fasa,,,,,,False,Active
gc-433105,Florida Aquaculture and Aquarium Club,FAAC,433105,https://gatorconnect.ufl.edu/organization/florida-aquaculture-and-aquarium-club,Academic|Social|Special Interest,https://sites.google.com/view/faac-uf/home,https://gatorconnect.ufl.edu/organization/florida-aquaculture-and-aquarium-club,,,,,,False,Active
gc-431930,Florida Association of Museum Students,FAMSnat,431930,https://gatorconnect.ufl.edu/organization/famsnat,Academic|Social|Special Interest,https://famsnat.com,https://gatorconnect.ufl.edu/organization/famsnat,,,,,,False,Active
gc-430944,Florida Blue Key,,430944,https://gatorconnect.ufl.edu/organization/fbk,Honor Societies|Service|Professional,https://fbk.org,https://gatorconnect.ufl.edu/organization/fbk,,floridabluekey,https://www.instagram.com/floridabluekey/,MEDIUM,official_website_or_linkhub_homepage,False,Active
gc-431732,Florida Business Connection,FBC,431732,https://gatorconnect.ufl.edu/organization/fbc,Academic,,https://gatorconnect.ufl.edu/organization/fbc,,fbc_uf,https://www.instagram.com/fbc_uf/,HIGH,gatorconnect_explicit_link,False,Active
gc-429960,Florida Business Leadership Society,FBLS,429960,https://gatorconnect.ufl.edu/organization/fbls,Academic|Honor Societies|Service,,https://gatorconnect.ufl.edu/organization/fbls,https://linktr.ee/fbls_uf,fbls_uf,https://www.instagram.com/fbls_uf/,HIGH,gatorconnect_explicit_link,False,Active
gc-431011,Florida Calisthenics Club,,431011,https://gatorconnect.ufl.edu/organization/floridacalisthenicsclub,Athletic|Social,,https://gatorconnect.ufl.edu/organization/floridacalisthenicsclub,,,,,,False,Active
gc-432938,Florida Club Rowing,FCR,432938,https://gatorconnect.ufl.edu/organization/floridaclubrowing,Athletic,,https://gatorconnect.ufl.edu/organization/floridaclubrowing,,,,,,False,Active
gc-433190,Florida Club Softball,UFCSB,433190,https://gatorconnect.ufl.edu/organization/ufclubsoftball,Athletic,,https://gatorconnect.ufl.edu/organization/ufclubsoftball,,,,,,False,Active
gc-432888,Florida Club Swim Team,FCST,432888,https://gatorconnect.ufl.edu/organization/florida-club-swim-team,Athletic,https://floridaclubswimming.square.site,https://gatorconnect.ufl.edu/organization/florida-club-swim-team,,ufclubswim,https://www.instagram.com/ufclubswim/,HIGH,gatorconnect_explicit_link,False,Active
gc-431573,Florida Club Synchronized Swimming,GTR in registration for USA Artistic Swimming,431573,https://gatorconnect.ufl.edu/organization/floridaclubsynchronizedswimming,Athletic,,https://gatorconnect.ufl.edu/organization/floridaclubsynchronizedswimming,,,,,,False,Active
gc-433000,Florida Cryptocurrency and Alternative Assets Club,FCAAC,433000,https://gatorconnect.ufl.edu/organization/fcaac,Academic|Professional|Engineering & Technology,https://ufcryptoclub.netlify.app,https://gatorconnect.ufl.edu/organization/fcaac,,,,,,False,Active
gc-430974,Florida Deal Advisory and Forensics,FDAF,430974,https://gatorconnect.ufl.edu/organization/fdaf,Academic,,https://gatorconnect.ufl.edu/organization/fdaf,,,,,,False,Active
gc-431572,Florida Engineering Society,FES,431572,https://gatorconnect.ufl.edu/organization/gatorfes,Service|Social|Professional|Engineering & Technology,https://gatorfes.org/home,https://gatorconnect.ufl.edu/organization/gatorfes,,,,,,False,Active
gc-433192,Florida Equestrian Club & Teams,FEC,433192,https://gatorconnect.ufl.edu/organization/florida-equestrian,Athletic,,https://gatorconnect.ufl.edu/organization/florida-equestrian,,,,,,False,Active
gc-431577,Florida Eta Phi Delta Epsilon,FL Eta PhiDE,431577,https://gatorconnect.ufl.edu/organization/fletaphide,Academic|Service|Social|Professional,https://fletaphide.wixsite.com/website-1,https://gatorconnect.ufl.edu/organization/fletaphide,,,,,,False,Active
gc-432116,Florida Flyers,,432116,https://gatorconnect.ufl.edu/organization/florida-flyers,Social|Special Interest,,https://gatorconnect.ufl.edu/organization/florida-flyers,,florida.flyers,https://www.instagram.com/florida.flyers/,HIGH,gatorconnect_explicit_link,False,Active
gc-433355,Florida Freediving,,433355,https://gatorconnect.ufl.edu/organization/floridafreediving,Athletic|Service|Social|Special Interest,,https://gatorconnect.ufl.edu/organization/floridafreediving,,,,,,False,Active
gc-431485,Florida Greek Ambassadors,FGA,431485,https://gatorconnect.ufl.edu/organization/floridagreekambassadors,Service|Social|Special Interest|Social Fraternities/Sororities ,,https://greeks.ufl.edu/homepage/our-community/florida-greek-ambassadors,,,,,,False,Active
gc-432523,Florida Innocence Initiative,FLII,432523,https://gatorconnect.ufl.edu/organization/flii,Academic|Political|Special Interest,,https://gatorconnect.ufl.edu/organization/flii,,,,,,False,Active
gc-431846,Florida Intellectual Property Alliance,FLIPA,431846,https://gatorconnect.ufl.edu/organization/flipa,Academic|Special Interest|Professional|Engineering & Technology,,https://gatorconnect.ufl.edu/organization/flipa,https://linktr.ee/uf.flipa?utm_source=linktree_profile_share&ltsid=8f509c60-a8a6-4f7c-ad6b-7afc07ea5131,,,,,False,Active
gc-433027,Florida International Law Society,FILS,433027,https://gatorconnect.ufl.edu/organization/fils,Academic|Social|Professional,,https://gatorconnect.ufl.edu/organization/fils,,,,,,False,Active
gc-432156,Florida Invitational Step Show,FISS,432156,https://gatorconnect.ufl.edu/organization/fiss,Cultural|Social,,https://gatorconnect.ufl.edu/organization/fiss,,,,,,False,Active
gc-432957,Florida Law Running Club,FLRC,432957,https://gatorconnect.ufl.edu/organization/flrc,Athletic|Social,,https://gatorconnect.ufl.edu/organization/flrc,,,,,,False,Active
gc-433237,Florida Law Softball,,433237,https://gatorconnect.ufl.edu/organization/floridalawsoftball,Athletic|Social,,https://gatorconnect.ufl.edu/organization/floridalawsoftball,,,,,,False,Active
gc-431854,Florida Line Dancing,FLD,431854,https://gatorconnect.ufl.edu/organization/floridalinedancing,Cultural|Social,,https://gatorconnect.ufl.edu/organization/floridalinedancing,,,,,,False,Active
gc-432135,Florida Literature Society,FLS,432135,https://gatorconnect.ufl.edu/organization/floridaliteraturesociety,Academic|Social,,https://gatorconnect.ufl.edu/organization/floridaliteraturesociety,,,,,,False,Active
gc-431559,Florida Native Plant Club,FNPC,431559,https://gatorconnect.ufl.edu/organization/fnpc,Academic|Service|Social|Special Interest,,https://gatorconnect.ufl.edu/organization/fnpc,,fnpc_uf,https://www.instagram.com/fnpc_uf/,HIGH,gatorconnect_explicit_link,False,Active
gc-429905,Florida Players,,429905,https://gatorconnect.ufl.edu/organization/floridaplayers,Cultural|Social|Special Interest,https://floridaplayers.weebly.com,https://gatorconnect.ufl.edu/organization/floridaplayers,,floridaplayers,https://www.instagram.com/floridaplayers/,HIGH,gatorconnect_explicit_link,False,Active
gc-433552,Florida Political Review,FPR,433552,https://gatorconnect.ufl.edu/organization/floridapoliticalreview,Academic|Political,https://floridapoliticalreview.com,https://gatorconnect.ufl.edu/organization/floridapoliticalreview,,floridapoliticalreview,https://www.instagram.com/floridapoliticalreview/,MEDIUM,official_website_or_linkhub_homepage,False,Active
gc-431232,Florida Pre-Law Review,FPLR,431232,https://gatorconnect.ufl.edu/organization/floridaprelawreview,Academic|Professional,https://journals.flvc.org/LHS/issue/view/6607,https://gatorconnect.ufl.edu/organization/floridaprelawreview,,,,,,False,Active
gc-429970,Florida Quantum Computing Society,FQC,429970,https://gatorconnect.ufl.edu/organization/fqc,Academic|Special Interest,,https://gatorconnect.ufl.edu/organization/fqc,,,,,,False,Active
gc-432347,Florida Ri3D,,432347,https://gatorconnect.ufl.edu/organization/ri3d,Engineering & Technology,,https://gatorconnect.ufl.edu/organization/ri3d,,,,,,False,Active
gc-431987,Florida Rocket Lab,FRL,431987,https://gatorconnect.ufl.edu/organization/floridarocketlab,Academic|Social|Special Interest|Professional|Engineering & Technology,https://floridarocketlab.org,https://gatorconnect.ufl.edu/organization/floridarocketlab,,,,,,False,Active
gc-432948,Florida Running Club,FRC,432948,https://gatorconnect.ufl.edu/organization/floridarunningclub,Athletic|Social|Social Fraternities/Sororities ,https://floridarunningclub.comfr,https://gatorconnect.ufl.edu/organization/floridarunningclub,,,,,,False,Active
gc-432179,Florida Ski and Snowboard Club,FSSC,432179,https://gatorconnect.ufl.edu/organization/flskiandsnowboard,Athletic|Social|Special Interest,https://flskiandsnowboard.com,https://gatorconnect.ufl.edu/organization/flskiandsnowboard,,,,,,False,Active
gc-431234,Florida Society of the Social Sciences,F3S,431234,https://gatorconnect.ufl.edu/organization/f3s,Academic,,https://gatorconnect.ufl.edu/organization/f3s,,,,,,False,Active
gc-430592,Florida Students of Accounting Council,FSOAC,430592,https://gatorconnect.ufl.edu/organization/fsoac,Academic|Service|Social|Professional,,https://gatorconnect.ufl.edu/organization/fsoac,,uf_fsoac,https://www.instagram.com/uf_fsoac/,HIGH,gatorconnect_explicit_link,False,Active
gc-431014,Florida Swing Dancing Club,FSDC,431014,https://gatorconnect.ufl.edu/organization/fsdc,Athletic|Social|Special Interest,,https://gatorconnect.ufl.edu/organization/fsdc,,,,,,False,Active
gc-433356,Florida Undergraduate Economics Journal,FUEJ,433356,https://gatorconnect.ufl.edu/organization/fuej,Academic|Special Interest|Professional,,https://gatorconnect.ufl.edu/organization/fuej,,,,,,False,Active
gc-431995,Florida Undergraduate Engineering Leaders in Environmental Design,FUELED,431995,https://gatorconnect.ufl.edu/organization/fueled,Academic|Special Interest|Professional|Engineering & Technology,,https://gatorconnect.ufl.edu/organization/fueled,,,,,,False,Active
gc-431784,Florida Undergraduate Health Law Club,FUHLC,431784,https://gatorconnect.ufl.edu/organization/floridaundergraduatehealthlawclub,Academic|Special Interest|Professional,https://sites.google.com/view/floridaundergraduatehealthlaw/about-us?authuser=0,https://gatorconnect.ufl.edu/organization/floridaundergraduatehealthlawclub,,,,,,False,Active
gc-433033,Florida Undergraduate International Law Society,FUILS,433033,https://gatorconnect.ufl.edu/organization/fuils,Academic|Social|Special Interest|Professional,,https://gatorconnect.ufl.edu/organization/fuils,,,,,,False,Active
gc-432004,Florida Undergraduate Law Review,FULR,432004,https://gatorconnect.ufl.edu/organization/fulr,Academic|Professional,https://fulr.org,https://gatorconnect.ufl.edu/organization/fulr,,,,,,False,Active
gc-432113,Florida Undergraduate Moot Court,FUMC,432113,https://gatorconnect.ufl.edu/organization/flundergradmootcourt,Academic|Political|Special Interest|Professional,https://flundergradmootcourt.org,https://gatorconnect.ufl.edu/organization/flundergradmootcourt,,,,,,False,Active
gc-429943,Florida Women in Business,FWIB,429943,https://gatorconnect.ufl.edu/organization/fwibuf,Academic|Service|Social,https://fwibuf.com,https://gatorconnect.ufl.edu/organization/fwibuf,,fwibuf,https://www.instagram.com/fwibuf/,MEDIUM,official_website_or_linkhub_homepage,True,Active
gc-431303,Floridance,FD,431303,https://gatorconnect.ufl.edu/organization/floridance,Athletic|Social,,https://gatorconnect.ufl.edu/organization/floridance,,,,,,False,Active
gc-433559,Flourish on Fifth,FOF,433559,https://gatorconnect.ufl.edu/organization/flourishonfifth,Service,,https://gatorconnect.ufl.edu/organization/flourishonfifth,https://linktr.ee/flourishonfifth?utm_source=linktree_profile_share&ltsid=5740b610-bf02-43b8-a063-65c5a4f30e6d,,,,,False,Active
gc-431927,Flying Gator Run Club,FGRC,431927,https://gatorconnect.ufl.edu/organization/fgrc,Athletic|Social,,https://gatorconnect.ufl.edu/organization/fgrc,,,,,,False,Active
gc-432207,Food Recovery Network,FRN,432207,https://gatorconnect.ufl.edu/organization/foodrecoverynetwork,Academic|Service|Social,https://foodrecoverynetwork.org,https://gatorconnect.ufl.edu/organization/foodrecoverynetwork,,foodrecovery,https://www.instagram.com/foodrecovery/,MEDIUM,official_website_or_linkhub_homepage,False,Active
gc-431550,Footprints: Buddy and Support Program,Footprints,431550,https://gatorconnect.ufl.edu/organization/footprints,Service|Social,https://footprintsvolunteering.org,https://gatorconnect.ufl.edu/organization/footprints,,,,,,False,Active
gc-433357,For Change,UFCD For Change,433357,https://gatorconnect.ufl.edu/organization/forchange,Service,,https://gatorconnect.ufl.edu/organization/forchange,,,,,,False,Active
gc-432417,Forensic Science Association,FSA,432417,https://gatorconnect.ufl.edu/organization/forensicscienceassociation,Academic|Special Interest|Professional,,https://gatorconnect.ufl.edu/organization/forensicscienceassociation,,,,,,False,Active
gc-431544,FOSTER,,431544,https://gatorconnect.ufl.edu/organization/foster,Service|Social,,https://gatorconnect.ufl.edu/organization/foster,,foster.uf,https://www.instagram.com/foster.uf/,HIGH,gatorconnect_explicit_link,False,Active
gc-432806,Freedom For All,FFA,432806,https://gatorconnect.ufl.edu/organization/freedomforall,Service,,https://gatorconnect.ufl.edu/organization/freedomforall,,,,,,False,Active
gc-432248,French Club,le cercle français,432248,https://gatorconnect.ufl.edu/organization/frenchclub,Cultural|Social|Special Interest,,https://gatorconnect.ufl.edu/organization/frenchclub,,,,,,False,Active
gc-431766,Freshman Leadership Council,FLC,431766,https://gatorconnect.ufl.edu/organization/freshman-leadership-council,Academic|Service|Social|Professional,,https://flc.bobgrahamcenter.ufl.edu,,,,,,False,Active
gc-431383,Freshman Leadership Engineering Group,FLEG,431383,https://gatorconnect.ufl.edu/organization/flegacy,Academic|Service|Social,https://flegacy.com,https://gatorconnect.ufl.edu/organization/flegacy,,flegacyuf,https://www.instagram.com/flegacyuf/,MEDIUM,official_website_or_linkhub_homepage,True,Active
gc-432128,Friends for Life of America,FFL,432128,https://gatorconnect.ufl.edu/organization/friendsforlife,Service|Special Interest,,https://gatorconnect.ufl.edu/organization/friendsforlife,,,,,,False,Active
gc-432208,Friends of MSF Gainesville Chapter,FOMSF-Gainesville Chapter,432208,https://gatorconnect.ufl.edu/organization/friends_of_msf_gainesville_chapter,Service|Social|Special Interest|Professional,https://doctorswithoutborders.org/get-involved/student-chapters,https://gatorconnect.ufl.edu/organization/friends_of_msf_gainesville_chapter,,,,,,False,Active
gc-432350,Full Out Dance Company,Full Out,432350,https://gatorconnect.ufl.edu/organization/fullout,Athletic|Social,https://fullout.my.canva.site,https://gatorconnect.ufl.edu/organization/fullout,,,,,,False,Active
gc-431327,Future Business Leaders of America Collegiate,FBLA,431327,https://gatorconnect.ufl.edu/organization/flfbla,Academic|Special Interest,https://fbla.org,https://gatorconnect.ufl.edu/organization/flfbla,,uf.fbla,https://www.instagram.com/uf.fbla/,HIGH,gatorconnect_explicit_link,False,Active
gc-430133,Future Healthcare Professionals for Rural America,FHPRA,430133,https://gatorconnect.ufl.edu/organization/fhpra,Academic|Service|Social|Special Interest|Professional,,https://gatorconnect.ufl.edu/organization/fhpra,,uf_fhpra,https://www.instagram.com/uf_fhpra/,HIGH,gatorconnect_explicit_link,False,Active
gc-431306,Future of Manufacturing Club,FOMC,431306,https://gatorconnect.ufl.edu/organization/fomc,Engineering & Technology,,https://gatorconnect.ufl.edu/organization/fomc,,fomc1234,https://www.instagram.com/fomc1234/,HIGH,gatorconnect_explicit_link,False,Active
gc-433042,FYCS Graduate Student Association,,433042,https://gatorconnect.ufl.edu/organization/fycsgraduatestudentassociation,Academic|Social,,https://gatorconnect.ufl.edu/organization/fycsgraduatestudentassociation,,,,,,False,Active
gc-433106,Gainesville Campus Ministry,,433106,https://gatorconnect.ufl.edu/organization/ulcgainesville-ministries-campus-ministry,Cultural|Religious/Spiritual |Service,https://ulcgainesville.com/ministries/campus-ministry,https://gatorconnect.ufl.edu/organization/ulcgainesville-ministries-campus-ministry,,,,,,False,Active
gc-429963,Gainesville For All Chapter,GNV4ALL Chapter,429963,https://gatorconnect.ufl.edu/organization/ufl,Service|Social,,https://gatorconnect.ufl.edu/organization/ufl,,,,,,False,Active
gc-432127,Gainesville Health Alliance,GHA,432127,https://gatorconnect.ufl.edu/organization/gainesvillehealthalliance,Athletic|Service|Special Interest,,https://gatorconnect.ufl.edu/organization/gainesvillehealthalliance,,,,,,False,Active
gc-433003,Gainesville Hillel,,433003,https://gatorconnect.ufl.edu/organization/gainesvillehillel,Cultural|Political|Religious/Spiritual ,https://ufhillel.org,https://gatorconnect.ufl.edu/organization/gainesvillehillel,,ufhillel,https://www.instagram.com/ufhillel/,MEDIUM,official_website_or_linkhub_homepage,False,Active
gc-430297,GAMMA ETA,,430297,https://gatorconnect.ufl.edu/organization/gammaeta,Social Sorority/Fraternity (RSO SSF),,https://gatorconnect.ufl.edu/organization/gammaeta,,gammaetauf,https://www.instagram.com/gammaetauf/,HIGH,gatorconnect_explicit_link,False,Active
gc-430300,GAMMA PHI BETA,,430300,https://gatorconnect.ufl.edu/organization/gammaphibeta,Social Sorority/Fraternity (RSO SSF),https://ufgammaphibeta.org,https://gatorconnect.ufl.edu/organization/gammaphibeta,,ufgammaphibeta,https://www.instagram.com/ufgammaphibeta/,HIGH,gatorconnect_explicit_link,False,Active
gc-432903,Gator Amateur Radio Club,GARC,432903,https://gatorconnect.ufl.edu/organization/gatorradio,Engineering & Technology,https://gatorradio.org,https://gatorconnect.ufl.edu/organization/gatorradio,,,,,,False,Active
gc-432643,Gator Anime,,432643,https://gatorconnect.ufl.edu/organization/gatoranime,Special Interest,,https://gatorconnect.ufl.edu/organization/gatoranime,,,,,,False,Active
gc-431970,Gator Armwrestling,,431970,https://gatorconnect.ufl.edu/organization/gatorarmwrestling,Athletic,,https://gatorconnect.ufl.edu/organization/gatorarmwrestling,,,,,,False,Active
gc-432186,Gator Astrobiology,Astrobio,432186,https://gatorconnect.ufl.edu/organization/astrobio,Academic|Professional,,https://gatorconnect.ufl.edu/organization/astrobio,,,,,,False,Active
gc-431759,Gator at Remote Area Medical,GRAM,431759,https://gatorconnect.ufl.edu/organization/gram,Academic|Service|Social|Special Interest,https://https:linktr.ee/ufgram,https://gatorconnect.ufl.edu/organization/gram,,,,,,False,Active
gc-432142,Gator Autonomous Racing,GAR,432142,https://gatorconnect.ufl.edu/organization/gar,Engineering & Technology,https://gator-autonomous-racing.github.io/website,https://gatorconnect.ufl.edu/organization/gar,,gator.autonomous.racing,https://www.instagram.com/gator.autonomous.racing/,MEDIUM,official_website_or_linkhub_homepage,False,Active
gc-431782,Gator Awaaz,,431782,https://gatorconnect.ufl.edu/organization/gatorawaaz,Cultural|Social,,https://gatorconnect.ufl.edu/organization/gatorawaaz,,,,,,False,Active
gc-432187,Gator Badminton Club,Gator Badminton,432187,https://gatorconnect.ufl.edu/organization/gatorbadminton,Athletic,,https://gatorconnect.ufl.edu/organization/gatorbadminton,,,,,,False,Active
gc-433279,Gator BassMasters (Bass Fishing Club),Bass Fishing Club,433279,https://gatorconnect.ufl.edu/organization/bassfishingclub,Social,,https://gatorconnect.ufl.edu/organization/bassfishingclub,,,,,,False,Active
gc-433160,Gator Bhangra,,433160,https://gatorconnect.ufl.edu/organization/gatorbhangra,Athletic|Cultural,,https://gatorconnect.ufl.edu/organization/gatorbhangra,,,,,,False,Active
gc-432209,Gator Billiards Club,GBC,432209,https://gatorconnect.ufl.edu/organization/gatorbilliardsclub,Athletic|Social|Special Interest,,https://gatorconnect.ufl.edu/organization/gatorbilliardsclub,,,,,,False,Active
gc-433572,Gator Blacksmithing,GBS,433572,https://gatorconnect.ufl.edu/organization/gator-blacksmithing,Academic|Social|Special Interest|Professional|Engineering & Technology,,https://gatorconnect.ufl.edu/organization/gator-blacksmithing,,,,,,False,Active
gc-432185,Gator Brazilian Jiu-Jitsu,Gator BJJ,432185,https://gatorconnect.ufl.edu/organization/gatorbjj,Athletic,,https://gatorconnect.ufl.edu/organization/gatorbjj,,,,,,False,Active
gc-432591,Gator Chapter - Children's Heart Foundation,GCHF,432591,https://gatorconnect.ufl.edu/organization/gchf,Service,,https://gatorconnect.ufl.edu/organization/gchf,,,,,,False,Active
gc-429930,Gator Chapter of the Advancing Indigenous Science and Engineering Society,Gator Chapter - AISES,429930,https://gatorconnect.ufl.edu/organization/gatoraises,Academic|Cultural|Social,,https://gatorconnect.ufl.edu/organization/gatoraises,https://linktr.ee/GatorAISES,gatoraises,https://www.instagram.com/gatoraises/,HIGH,gatorconnect_explicit_link,False,Active
gc-433002,Gator Comics,GC,433002,https://gatorconnect.ufl.edu/organization/gatorcomics,Social,,https://gatorconnect.ufl.edu/organization/gatorcomics,,,,,,False,Active
gc-433195,Gator Cricket Club,GCC,433195,https://gatorconnect.ufl.edu/organization/_,Athletic,https://gatorcricket.com,https://gatorconnect.ufl.edu/organization/_,,,,,,False,Active
gc-432927,Gator Criminology Syndicate,,432927,https://gatorconnect.ufl.edu/organization/gatorcriminologysyndicate,Academic|Social|Professional,,https://gatorconnect.ufl.edu/organization/gatorcriminologysyndicate,,,,,,False,Active
gc-431259,Gator Cubing,,431259,https://gatorconnect.ufl.edu/organization/gator_cubing,Social|Special Interest,,https://gatorconnect.ufl.edu/organization/gator_cubing,,,,,,False,Active
gc-432362,Gator Design & Sustainability,GDS,432362,https://gatorconnect.ufl.edu/organization/gatordesignandsustainability,Academic|Professional|Engineering & Technology,,https://gatorconnect.ufl.edu/organization/gatordesignandsustainability,,,,,,False,Active
gc-431462,Gator Diplomats,Dips,431462,https://gatorconnect.ufl.edu/organization/gatordiplomats,Service|Social,https://gatordiplomats.wixsite.com/gatordiplomats,https://gatorconnect.ufl.edu/organization/gatordiplomats,,,,,,False,Active
gc-431913,Gator Figure Skating,,431913,https://gatorconnect.ufl.edu/organization/sites_google_com_view_gatorfigureskating_home,Athletic|Social,https://sites.google.com/view/gatorfigureskating/home,https://gatorconnect.ufl.edu/organization/sites_google_com_view_gatorfigureskating_home,,,,,,False,Active
gc-433612,Gator Fintech,,433612,https://gatorconnect.ufl.edu/organization/gatorfintech,Academic|Professional|Engineering & Technology,,https://gatorconnect.ufl.edu/organization/gatorfintech,,gatorfintech,https://www.instagram.com/gatorfintech/,HIGH,gatorconnect_external_website_is_instagram,False,Active
gc-431329,Gator for Haven Hospice,G4HH,431329,https://gatorconnect.ufl.edu/organization/gatorforhavenhospice,Academic|Service|Social|Professional,,https://gatorconnect.ufl.edu/organization/gatorforhavenhospice,,,,,,False,Active
gc-429897,Gator for Refugee Medical Relief,GRMR,429897,https://gatorconnect.ufl.edu/organization/grmr,Service|Special Interest,https://grmruf.org,https://gatorconnect.ufl.edu/organization/grmr,,grmruf,https://www.instagram.com/grmruf/,HIGH,gatorconnect_explicit_link,False,Active
gc-432590,Gator For UNICEF,,432590,https://gatorconnect.ufl.edu/organization/gatorforunicef,Political|Service,,https://gatorconnect.ufl.edu/organization/gatorforunicef,,,,,,False,Active
gc-431601,Gator Gaming,GG,431601,https://gatorconnect.ufl.edu/organization/gatorgaming,Social|Special Interest,https://gatorgaminguf.com,https://gatorconnect.ufl.edu/organization/gatorgaming,,gatorgaminguf,https://www.instagram.com/gatorgaminguf/,HIGH,gatorconnect_explicit_link,False,Active
gc-431684,Gator Garba,,431684,https://gatorconnect.ufl.edu/organization/gatorgarba,Cultural|Social,,https://gatorconnect.ufl.edu/organization/gatorgarba,,,,,,False,Active
gc-430971,Gator Geometry Dash,GatorGD,430971,https://gatorconnect.ufl.edu/organization/gatorgd,Social|Special Interest,,https://gatorconnect.ufl.edu/organization/gatorgd,,gator_geometrydash,https://www.instagram.com/gator_geometrydash/,HIGH,gatorconnect_explicit_link,False,Active
gc-432411,Gator Gone Global,GGG,432411,https://gatorconnect.ufl.edu/organization/gatorsgoneglobal,Academic|Special Interest|Professional,,https://gatorconnect.ufl.edu/organization/gatorsgoneglobal,,,,,,False,Active
gc-431557,Gator Humans vs Zombies,Gator HvZ,431557,https://gatorconnect.ufl.edu/organization/gatorhvz,Social|Special Interest,https://gatorhvz.com,https://gatorconnect.ufl.edu/organization/gatorhvz,,gatorshvz,https://www.instagram.com/gatorshvz/,MEDIUM,official_website_or_linkhub_homepage,True,Active
gc-432935,Gator Interior Design,Gator IND,432935,https://gatorconnect.ufl.edu/organization/gatorind,Academic|Social|Professional,,https://gatorconnect.ufl.edu/organization/gatorind,,gator.ind,https://www.instagram.com/gator.ind/,HIGH,gatorconnect_external_website_is_instagram,False,Active
gc-433198,Gator Judo Club,,433198,https://gatorconnect.ufl.edu/organization/gatorjudo,Athletic,https://gatorjudo.com,https://gatorconnect.ufl.edu/organization/gatorjudo,,gatorjudoclub,https://www.instagram.com/gatorjudoclub/,MEDIUM,official_website_or_linkhub_homepage,False,Active
gc-429910,Gator Juggling Club,,429910,https://gatorconnect.ufl.edu/organization/gator_juggling_club,Athletic|Social|Special Interest,,https://gatorconnect.ufl.edu/organization/gator_juggling_club,,,,,,False,Active
gc-433610,Gator Karaoke,,433610,https://gatorconnect.ufl.edu/organization/gatorkaraoke,Social|Special Interest,,https://gatorconnect.ufl.edu/organization/gatorkaraoke,,,,,,False,Active
gc-432886,Gator Law American Civil Liberties Union,Gator Law ACLU,432886,https://gatorconnect.ufl.edu/organization/gatorlawaclu,Special Interest|Professional,,https://gatorconnect.ufl.edu/organization/gatorlawaclu,,,,,,False,Active
gc-430970,Gator Microbiome,,430970,https://gatorconnect.ufl.edu/organization/gatormicrobiome,Academic|Special Interest|Professional,,https://gatorconnect.ufl.edu/organization/gatormicrobiome,,,,,,False,Active
gc-432798,Gator Muscular Dystrophy Association,Gator MDA,432798,https://gatorconnect.ufl.edu/organization/gator-mda,Academic|Service|Special Interest,,https://gatorconnect.ufl.edu/organization/gator-mda,,,,,,False,Active
gc-433163,Gator Natyam,,433163,https://gatorconnect.ufl.edu/organization/gatornatyam,Cultural|Social,,https://gatorconnect.ufl.edu/organization/gatornatyam,,,,,,False,Active
gc-431917,Gator Neurobics,,431917,https://gatorconnect.ufl.edu/organization/gatorneurobics,Academic|Athletic|Service|Social,,https://gatorconnect.ufl.edu/organization/gatorneurobics,https://linktr.ee/gatorneurobics,,,,,False,Active
gc-431332,Gator of Tomorrow,GOT,431332,https://gatorconnect.ufl.edu/organization/gatoroftomorrow,Academic|Athletic|Honor Societies|Service|Social|Special Interest|Professional,,https://gatorconnect.ufl.edu/organization/gatoroftomorrow,,,,,,False,Active
gc-432183,Gator Pharmacy Wellness - Gainesville,GPW,432183,https://gatorconnect.ufl.edu/organization/gpw-gnv,Athletic|Professional,,https://gatorconnect.ufl.edu/organization/gpw-gnv,,,,,,False,Active
gc-432024,Gator Pokémon League,,432024,https://gatorconnect.ufl.edu/organization/gatorpokemonleague,Social|Special Interest,,https://gatorconnect.ufl.edu/organization/gatorpokemonleague,,,,,,False,Active
gc-432351,Gator Policy Engineers,GPE,432351,https://gatorconnect.ufl.edu/organization/gator-policy-engineer,Political|Engineering & Technology,,https://gatorconnect.ufl.edu/organization/gator-policy-engineer,,,,,,False,Active
gc-432641,Gator Resonance,GR,432641,https://gatorconnect.ufl.edu/organization/gatorresonance,Cultural|Social|Special Interest,,https://gatorconnect.ufl.edu/organization/gatorresonance,,,,,,False,Active
gc-432201,Gator Robotics,,432201,https://gatorconnect.ufl.edu/organization/gatorrobotics,Engineering & Technology,,https://gatorconnect.ufl.edu/organization/gatorrobotics,,gator_battlebots,https://www.instagram.com/gator_battlebots/,HIGH,gatorconnect_explicit_link,False,Active
gc-433534,Gator Safety Professionals,GSP,433534,https://gatorconnect.ufl.edu/organization/gatorsafetyprofessionals,Academic|Social|Special Interest,,https://gatorconnect.ufl.edu/organization/gatorsafetyprofessionals,,,,,,False,Active
gc-432428,Gator Salsa Club,GSC,432428,https://gatorconnect.ufl.edu/organization/gatorsalsa,Cultural|Social,https://gatorsalsa.club,https://gatorconnect.ufl.edu/organization/gatorsalsa,,gatorsalsa.club,https://www.instagram.com/gatorsalsa.club/,HIGH,gatorconnect_explicit_link,False,Active
gc-431671,Gator Science Olympiad,GSO,431671,https://gatorconnect.ufl.edu/organization/gatorscienceolympiad,Academic|Service|Special Interest|Professional|Engineering & Technology,,https://gatorconnect.ufl.edu/organization/gatorscienceolympiad,,ufscioly,https://www.instagram.com/ufscioly/,HIGH,gatorconnect_explicit_link,False,Active
gc-432589,Gator Scuba Club,,432589,https://gatorconnect.ufl.edu/organization/scubaclub,Social,,https://gatorconnect.ufl.edu/organization/scubaclub,,,,,,False,Active
gc-431999,Gator Service Dogs,GSD,431999,https://gatorconnect.ufl.edu/organization/gatorservicedogs,Service|Special Interest,https://puppyclub.wixsite.com/gatorservicedogs,https://gatorconnect.ufl.edu/organization/gatorservicedogs,,gatorservicedogs,https://www.instagram.com/gatorservicedogs/,HIGH,gatorconnect_explicit_link,False,Active
gc-430937,Gator Sport Management Organization,GSMO,430937,https://gatorconnect.ufl.edu/organization/gsmo,Academic|Athletic|Social|Special Interest|Professional,,https://gatorconnect.ufl.edu/organization/gsmo,,,,,,False,Active
gc-433371,Gator Star Wars,GSW,433371,https://gatorconnect.ufl.edu/organization/gatorstarwars,Social|Special Interest,https://sites.google.com/view/gatorstarwars/home,https://gatorconnect.ufl.edu/organization/gatorstarwars,,,,,,False,Active
gc-431619,Gator Strategy Group,GSG,431619,https://gatorconnect.ufl.edu/organization/gatorstrategygroup,Academic|Special Interest,https://gatorstrategygroup.com,https://gatorconnect.ufl.edu/organization/gatorstrategygroup,,gatorstrategygroupuf,https://www.instagram.com/gatorstrategygroupuf/,HIGH,gatorconnect_explicit_link,False,Active
gc-432588,Gator Strong Families,GSF,432588,https://gatorconnect.ufl.edu/organization/gatorstrongfamilies,Service|Social,,https://gatorconnect.ufl.edu/organization/gatorstrongfamilies,,,,,,False,Active
gc-432548,Gator Tales,,432548,https://gatorconnect.ufl.edu/organization/gatortales,Academic|Social|Special Interest|Professional,,https://gatorconnect.ufl.edu/organization/gatortales,,,,,,False,Active
gc-431542,Gator Theme Park Engineering & Design,Gator TPED,431542,https://gatorconnect.ufl.edu/organization/gatortped,Academic|Social|Special Interest|Professional|Engineering & Technology,https://gatortped.wixsite.com/home,https://gatorconnect.ufl.edu/organization/gatortped,,gatortped,https://www.instagram.com/gatortped/,HIGH,gatorconnect_explicit_link,False,Active
gc-431690,Gator Tufaan,,431690,https://gatorconnect.ufl.edu/organization/gatortufaan,Cultural|Social,,https://gatorconnect.ufl.edu/organization/gatortufaan,,,,,,False,Active
gc-432930,Gator United,,432930,https://gatorconnect.ufl.edu/organization/gatorunited,Service|Special Interest,,https://gatorconnect.ufl.edu/organization/gatorunited,https://linktr.ee/gatorforreadingpals,,,,,False,Active
gc-431873,Gator User Design,GUD,431873,https://gatorconnect.ufl.edu/organization/gatoruserdesign,Academic|Social|Professional|Engineering & Technology,https://gatoruserdesign.com,https://gatorconnect.ufl.edu/organization/gatoruserdesign,,gatoruserdesign,https://www.instagram.com/gatoruserdesign/,MEDIUM,official_website_or_linkhub_homepage,False,Active
gc-432212,Gator Wesley Foundation,,432212,https://gatorconnect.ufl.edu/organization/gatorwesley,Religious/Spiritual |Service|Social,https://gatorwesley.life,https://gatorconnect.ufl.edu/organization/gatorwesley,,,,,,False,Active
gc-431874,GatoRaas,,431874,https://gatorconnect.ufl.edu/organization/gatoraas,Cultural|Social,,https://gatorconnect.ufl.edu/organization/gatoraas,,,,,,False,Active
gc-432131,GatorAI,,432131,https://gatorconnect.ufl.edu/organization/gatorai,Academic|Social|Special Interest|Professional|Engineering & Technology,https://ufgatorai.info,https://gatorconnect.ufl.edu/organization/gatorai,,,,,,False,Active
gc-431696,GatorDocs Mentorship Club,,431696,https://gatorconnect.ufl.edu/organization/gatordocsmentorship,Academic|Professional,,https://gatorconnect.ufl.edu/organization/gatordocsmentorship,,,,,,False,Active
gc-433643,GatorLLM,,433643,https://gatorconnect.ufl.edu/organization/gatorllm,Academic|Professional|Engineering & Technology,,https://gatorconnect.ufl.edu/organization/gatorllm,,,,,,False,Active
gc-431221,GatorNaach,,431221,https://gatorconnect.ufl.edu/organization/gatornaach,Cultural,,https://gatorconnect.ufl.edu/organization/gatornaach,,gatornaach,https://www.instagram.com/gatornaach/,HIGH,gatorconnect_explicit_link,False,Active
gc-429978,GatorNights,,429978,https://gatorconnect.ufl.edu/organization/gatornights,Special Interest,,https://studentengagement.ufl.edu/gatornights,,ufgatornights,https://www.instagram.com/ufgatornights/,HIGH,gatorconnect_explicit_link,False,Active
gc-432920,GatorSavers,,432920,https://gatorconnect.ufl.edu/organization/gatorsavers,Academic|Service|Special Interest|Professional,,https://gatorconnect.ufl.edu/organization/gatorsavers,,,,,,False,Active
gc-431954,GatorTech,,431954,https://gatorconnect.ufl.edu/organization/gatortech,Academic|Social,,https://gatorconnect.ufl.edu/organization/gatortech,https://linktr.ee/gatortechuf,gatortechuf,https://www.instagram.com/gatortechuf/,HIGH,gatorconnect_explicit_link,False,Active
gc-431801,GatorVR,,431801,https://gatorconnect.ufl.edu/organization/gatorvr,Social|Special Interest|Professional|Engineering & Technology,,https://gatorconnect.ufl.edu/organization/gatorvr,,,,,,False,Active
gc-432974,GC of National Society of Black Physicist,NSBP,432974,https://gatorconnect.ufl.edu/organization/nsbpgator,Academic|Social|Special Interest|Engineering & Technology,,https://gatorconnect.ufl.edu/organization/nsbpgator,https://linktr.ee/nsbpgator,,,,,False,Active
gc-432514,Geist,,432514,https://gatorconnect.ufl.edu/organization/geist,Academic|Social|Special Interest,https://instagram.com/geist_uf,https://gatorconnect.ufl.edu/organization/geist,,geist_uf,https://www.instagram.com/geist_uf/,HIGH,gatorconnect_explicit_link,False,Active
gc-432117,genCLEO,,432117,https://gatorconnect.ufl.edu/organization/gencleouf,Academic|Political|Service|Social|Special Interest|Virtual Offerings|Professional,https://gencleouf.wixsite.com/gencleo-uf,https://gatorconnect.ufl.edu/organization/gencleouf,,,,,,False,Active
gc-432410,Generation Action,PPGA,432410,https://gatorconnect.ufl.edu/organization/generationaction,New Organizations,,https://gatorconnect.ufl.edu/organization/generationaction,,,,,,False,Active
gc-431972,Generation Sketch Comedy,Generation,431972,https://gatorconnect.ufl.edu/organization/generationsketchcomedy,Special Interest,,https://gatorconnect.ufl.edu/organization/generationsketchcomedy,,,,,,False,Active
gc-432500,Generational Relief in Prosthetics,GRiP,432500,https://gatorconnect.ufl.edu/organization/grip,Service|Special Interest|Engineering & Technology,https://g-ri-p-management-1-kadinel.replit.app,https://gatorconnect.ufl.edu/organization/grip,,,,,,False,Active
gc-431252,Genesis Dance Crew,GDC,431252,https://gatorconnect.ufl.edu/organization/genesisdancecrew,Athletic|Cultural|Social|Special Interest,,https://gatorconnect.ufl.edu/organization/genesisdancecrew,,,,,,False,Active
gc-431969,Geology Club,GeoClub,431969,https://gatorconnect.ufl.edu/organization/geoclub,Academic|Social|Special Interest,,https://gatorconnect.ufl.edu/organization/geoclub,,,,,,False,Active
gc-430935,Girls Who Code at Gainesville,GWC,430935,https://gatorconnect.ufl.edu/organization/girlswhocode,Academic|Social|Professional|Engineering & Technology,https://girlswhocode.com,https://gatorconnect.ufl.edu/organization/girlswhocode,,girlswhocode,https://www.instagram.com/girlswhocode/,MEDIUM,official_website_or_linkhub_homepage,False,Active
gc-433147,Global Health Catalysts,GHC,433147,https://gatorconnect.ufl.edu/organization/ghc,Academic|Political|Social|Virtual Offerings|Professional,,https://gatorconnect.ufl.edu/organization/ghc,,,,,,False,Active
gc-432150,Global Medical Brigades,GMB,432150,https://gatorconnect.ufl.edu/organization/gmb,Service,https://medical.globalbrigades.org,https://gatorconnect.ufl.edu/organization/gmb,,medicalbrigades,https://www.instagram.com/medicalbrigades/,MEDIUM,official_website_or_linkhub_homepage,False,Active
gc-431834,Global Medical Missions Alliance,GMMA,431834,https://gatorconnect.ufl.edu/organization/gmma,Academic|Religious/Spiritual |Service|Social|Special Interest,https://gmma7.org,https://gatorconnect.ufl.edu/organization/gmma,,,,,,False,Active
gc-432550,Global Medical Training,GMT,432550,https://gatorconnect.ufl.edu/organization/gmtonline,Academic|Service|Professional,,https://gatorconnect.ufl.edu/organization/gmtonline,,,,,,False,Active
gc-432928,Grad Linguistics Society,GLS,432928,https://gatorconnect.ufl.edu/organization/gls,Academic|Social|Professional,,https://gatorconnect.ufl.edu/organization/gls,,,,,,False,Active
gc-431806,GradCru,CRU,431806,https://gatorconnect.ufl.edu/organization/gradcru,Religious/Spiritual ,https://cruatuf.com/gradcru,https://gatorconnect.ufl.edu/organization/gradcru,,,,LOW,official_website_multiple_candidates,True,Active
gc-431865,Graduate Art History Association,GAHA,431865,https://gatorconnect.ufl.edu/organization/gaha,Academic,,https://gatorconnect.ufl.edu/organization/gaha,,,,,,False,Active
gc-432639,Graduate Association of Chemical Engineers,GRACE,432639,https://gatorconnect.ufl.edu/organization/grace,Academic|Professional,,https://che.ufl.edu/GRACE,,,,,,False,Active
gc-432638,Graduate Film Studies Group,GFSG,432638,https://gatorconnect.ufl.edu/organization/gfsg,Academic,,https://gatorconnect.ufl.edu/organization/gfsg,,,,,,False,Active
gc-431788,Graduate Mathematics Association,GMA,431788,https://gatorconnect.ufl.edu/organization/gma,Academic|Social,,https://gma.math.ufl.edu,,,,,,False,Active
gc-431764,Graduate Society of Women Engineers,GradSWE,431764,https://gatorconnect.ufl.edu/organization/gradswe,Academic|Social|Special Interest|Professional|Engineering & Technology,,https://gatorconnect.ufl.edu/organization/gradswe,,,,,,False,Active
gc-431126,Graduate Student Council,GSC,431126,https://gatorconnect.ufl.edu/organization/uf-gsc,Academic|Service|Social|Professional,,https://sg.ufl.edu/resources/gsc,,,,,,False,Active
gc-432612,Graduate Students' Association of Bangladesh,GSAB,432612,https://gatorconnect.ufl.edu/organization/gsabuf,Athletic|Cultural|Service|Social,,https://gatorconnect.ufl.edu/organization/gsabuf,,,,,,False,Active
gc-432001,GREBE Audubon Campus Chapter,GREBE,432001,https://gatorconnect.ufl.edu/organization/grebe_acc,Academic|Social|Special Interest,,https://gatorconnect.ufl.edu/organization/grebe_acc,https://linktr.ee/grebeuf,,,,,False,Active
gc-432384,Greek American Student Association,,432384,https://gatorconnect.ufl.edu/organization/gasa,Cultural,,https://gatorconnect.ufl.edu/organization/gasa,,,,,,False,Active
gc-432210,Greenhouse College,,432210,https://gatorconnect.ufl.edu/organization/greenhousecollege,Religious/Spiritual |Service|Special Interest,,https://gatorconnect.ufl.edu/organization/greenhousecollege,,,,,,False,Active
gc-431289,Grilling for Greater: Meals that Matter (Gator Grill Club),GGC,431289,https://gatorconnect.ufl.edu/organization/gatorgrillclub,Service|Social,,https://gatorconnect.ufl.edu/organization/gatorgrillclub,,GatorGrillClub,https://www.instagram.com/GatorGrillClub/,HIGH,gatorconnect_external_website_is_instagram,False,Active
gc-431220,Grub 4 Good,G4G,431220,https://gatorconnect.ufl.edu/organization/grub4good,Service,,https://gatorconnect.ufl.edu/organization/grub4good,,,,,,False,Active
gc-433099,Hala Dabke,,433099,https://gatorconnect.ufl.edu/organization/haladabke,Athletic|Cultural|Social|Special Interest,,https://gatorconnect.ufl.edu/organization/haladabke,,,,,,False,Active
gc-433483,Hammock Club,,433483,https://gatorconnect.ufl.edu/organization/hammock-club,Social|Special Interest,,https://gatorconnect.ufl.edu/organization/hammock-club,,,,,,False,Active
gc-431088,Handbuilt or Thrown Clay,H.O.T. Clay,431088,https://gatorconnect.ufl.edu/organization/handbuiltorthrownclay,Cultural|Social|Special Interest,,https://gatorconnect.ufl.edu/organization/handbuiltorthrownclay,,,,,,False,Active
gc-431757,Handmade Grace,,431757,https://gatorconnect.ufl.edu/organization/handmadegrace,Service|Social|Special Interest,,https://gatorconnect.ufl.edu/organization/handmadegrace,,handmade_grace_uf,https://www.instagram.com/handmade_grace_uf/,HIGH,gatorconnect_explicit_link,False,Active
gc-431964,Healing Hands: Christian Pre-Health Fellowship,HHCPF,431964,https://gatorconnect.ufl.edu/organization/healinghands,Academic|Religious/Spiritual |Service|Social,,https://gatorconnect.ufl.edu/organization/healinghands,,,,,,False,Active
gc-431791,Health Administration Student Association,HASA,431791,https://gatorconnect.ufl.edu/organization/healthadministrationstudentassociation,Academic|Social|Special Interest,,https://phhp.ufl.edu/student-resources/clubs-and-organizations/health-administration-student-association,,,,,,False,Active
gc-432999,Health and Human Performance Graduate Organization,HHP GO,432999,https://gatorconnect.ufl.edu/organization/hhp-go,Academic|Social|Professional,,https://gatorconnect.ufl.edu/organization/hhp-go,,,,,,False,Active
gc-432797,Health Career Showcase,HCS,432797,https://gatorconnect.ufl.edu/organization/healthcareershowcase,Academic,https://healthcareershowcase.com,https://gatorconnect.ufl.edu/organization/healthcareershowcase,,uf_hcs,https://www.instagram.com/uf_hcs/,MEDIUM,official_website_or_linkhub_homepage,True,Active
gc-430512,Health Educated Asian Leaders,HEAL,430512,https://gatorconnect.ufl.edu/organization/ufheal,Academic|Cultural|Professional,https://healonc1.wixsite.com/ufheal,https://gatorconnect.ufl.edu/organization/ufheal,,ufheal,https://www.instagram.com/ufheal/,HIGH,gatorconnect_explicit_link,False,Active
gc-432136,Health Education and Literacy Organization,HELO,432136,https://gatorconnect.ufl.edu/organization/health-education-and-literacy-organization,Service|Special Interest,https://gatorhelo.com,https://gatorconnect.ufl.edu/organization/health-education-and-literacy-organization,,,,,,False,Active
gc-432191,Health Outreach and Quality Improvement Program,HOQI,432191,https://gatorconnect.ufl.edu/organization/hoqi,Service,,https://equalaccess.med.ufl.edu/for-volunteers/undergraduates,,,,,,False,Active
gc-433396,Health Policy Action Initiative,HPAI,433396,https://gatorconnect.ufl.edu/organization/hpai,Academic|Political|Service|Professional,,https://gatorconnect.ufl.edu/organization/hpai,,,,,,False,Active
gc-432877,Health Science Student Organization,HSSO,432877,https://gatorconnect.ufl.edu/organization/health-science-student-organization,Professional,,https://undergrad.phhp.ufl.edu/health-science-student-organization,,,,,,False,Active
gc-433393,Healthcare Teams of Tomorrow,HTT,433393,https://gatorconnect.ufl.edu/organization/htt,Academic|Service|Professional,,https://gatorconnect.ufl.edu/organization/htt,,,,,,False,Active
gc-431698,Hearts for Henna,,431698,https://gatorconnect.ufl.edu/organization/tfgh,Cultural|Service|Special Interest,,https://gatorconnect.ufl.edu/organization/tfgh,,,,,,False,Active
gc-432166,Hearts for the Homeless,H4H,432166,https://gatorconnect.ufl.edu/organization/heartsforthehomelessgnv,Service,,https://gatorconnect.ufl.edu/organization/heartsforthehomelessgnv,,,,,,False,Active
gc-433092,Her Campus at University of Florida,HC,433092,https://gatorconnect.ufl.edu/organization/hercampusatufl,Social|Special Interest|Professional,https://hercampus.com/school/ufl,https://gatorconnect.ufl.edu/organization/hercampusatufl,,,,LOW,official_website_multiple_candidates,True,Active
gc-432165,Higher Education Student Association,HESA,432165,https://gatorconnect.ufl.edu/organization/hesa,Academic|Social|Professional,,https://gatorconnect.ufl.edu/organization/hesa,,,,,,False,Active
gc-432476,Hindu YUVA GNV,,432476,https://gatorconnect.ufl.edu/organization/hinduyuva,Cultural|Service,,https://gatorconnect.ufl.edu/organization/hinduyuva,,,,,,False,Active
gc-433388,Hippocratic Society at UF,HippSoc,433388,https://gatorconnect.ufl.edu/organization/hippsoc,Academic|Service|Social|Special Interest,https://hippsoc.org,https://gatorconnect.ufl.edu/organization/hippsoc,,,,,,False,Active
gc-431648,Hispanic Finance Association,HFA,431648,https://gatorconnect.ufl.edu/organization/uf-hfa,Academic|Professional,,https://gatorconnect.ufl.edu/organization/uf-hfa,,,,,,False,Active
gc-433072,Hispanic Public Relations Student Association,HPRSA,433072,https://gatorconnect.ufl.edu/organization/ufhprsa,Academic|Cultural|Social|Special Interest,,https://gatorconnect.ufl.edu/organization/ufhprsa,,,,,,False,Active
gc-429920,Hispanic Student Culture Organization,HSCO,429920,https://gatorconnect.ufl.edu/organization/hispanic-student-culture-organization,Cultural|Social,,https://gatorconnect.ufl.edu/organization/hispanic-student-culture-organization,,,,,,False,Active
gc-429912,Hispanic-Latine Student Association,HSA,429912,https://gatorconnect.ufl.edu/organization/ufhsa,Cultural|Social,https://ufhsa.com,https://gatorconnect.ufl.edu/organization/ufhsa,,hsa.uf,https://www.instagram.com/hsa.uf/,HIGH,gatorconnect_explicit_link,False,Active
gc-431974,Hooked to the Book Club,HTTBC,431974,https://gatorconnect.ufl.edu/organization/hooked-to-the-book-club,Social|Virtual Offerings,,https://gatorconnect.ufl.edu/organization/hooked-to-the-book-club,,,,,,False,Active
gc-432164,Hoops for Hope,HFH,432164,https://gatorconnect.ufl.edu/organization/hoopsforhope,Athletic|Service|Social,,https://gatorconnect.ufl.edu/organization/hoopsforhope,,,,,,False,Active
gc-431980,HOOPZ,,431980,https://gatorconnect.ufl.edu/organization/hoopz,Athletic|Social|Special Interest,,https://gatorconnect.ufl.edu/organization/hoopz,,,,,,False,Active
gc-433477,Hope & Homework GNV,,433477,https://gatorconnect.ufl.edu/organization/hopeandhomeworkgnv,Academic|Service,,https://gatorconnect.ufl.edu/organization/hopeandhomeworkgnv,,,,,,False,Active
gc-433065,HOPE Ministries,HOPE Meals,433065,https://gatorconnect.ufl.edu/organization/hopemeals,Service|Special Interest,,https://gatorconnect.ufl.edu/organization/hopemeals,,,,,,False,Active
gc-431966,HOSA- Future Health Professionals,HOSA-FHP,431966,https://gatorconnect.ufl.edu/organization/hosa_fhp,Academic|Special Interest|Professional,https://hosauf.wixsite.com/ufhosa,https://gatorconnect.ufl.edu/organization/hosa_fhp,,ufhosa,https://www.instagram.com/ufhosa/,HIGH,gatorconnect_explicit_link,False,Active
gc-431129,Hospice Community & Palliative Care,HCPC,431129,https://gatorconnect.ufl.edu/organization/hcpc,Service|Social|Professional,,https://gatorconnect.ufl.edu/organization/hcpc,,,,,,False,Active
gc-432258,Hospitaliteam,,432258,https://gatorconnect.ufl.edu/organization/ufhospitaliteam,Academic|Service|Social,https://ufhospitaliteam.org,https://gatorconnect.ufl.edu/organization/ufhospitaliteam,,,,,,False,Active
gc-433649,Hospitality Business Society,HBS,433649,https://gatorconnect.ufl.edu/organization/hbs,Social|Special Interest|Professional,,https://gatorconnect.ufl.edu/organization/hbs,,,,,,False,Active
gc-433654,Human Factors and Ergonomics Student Chapter at University of Florida,HFES@UF,433654,https://gatorconnect.ufl.edu/organization/hfes-uf,Academic|Professional|Engineering & Technology,,https://gatorconnect.ufl.edu/organization/hfes-uf,,,,,,False,Active
gc-432468,Human Performance Research Society,HPRS,432468,https://gatorconnect.ufl.edu/organization/hprs,Academic|Athletic|Social|Professional,,https://gatorconnect.ufl.edu/organization/hprs,,ufhprs,https://www.instagram.com/ufhprs/,HIGH,gatorconnect_explicit_link,False,Active
gc-433217,Humanity First Student Organization,HFSO,433217,https://gatorconnect.ufl.edu/organization/humanity-first,Service,https://humanityfirststudents.org,https://gatorconnect.ufl.edu/organization/humanity-first,,hfstudentdiv,https://www.instagram.com/hfstudentdiv/,MEDIUM,official_website_or_linkhub_homepage,True,Active
gc-433478,IMPACT autism,,433478,https://gatorconnect.ufl.edu/organization/impactautism,Academic|Service|Social,,https://gatorconnect.ufl.edu/organization/impactautism,,,,,,False,Active
gc-430976,IMPACTO,,430976,https://gatorconnect.ufl.edu/organization/impacto,Cultural|Service,https://impactouf.wixsite.com/impacto,https://gatorconnect.ufl.edu/organization/impacto,,uf_impacto,https://www.instagram.com/uf_impacto/,HIGH,gatorconnect_explicit_link,False,Active
gc-432045,Indian Graduate Student Association,IGSA,432045,https://gatorconnect.ufl.edu/organization/igsa,Cultural|Service|Social|Professional,,https://gatorconnect.ufl.edu/organization/igsa,,,,,,False,Active
gc-431675,Indian Students Association,ISA,431675,https://gatorconnect.ufl.edu/organization/indian-students-association,Cultural|Service|Social,,https://gatorconnect.ufl.edu/organization/indian-students-association,,,,,,False,Active
gc-432274,Indigenous Student Association,ISA,432274,https://gatorconnect.ufl.edu/organization/isa,Cultural|Special Interest,,https://gatorconnect.ufl.edu/organization/isa,,,,,,False,Active
gc-432926,Indo-Caribbean Student Association,ICSA,432926,https://gatorconnect.ufl.edu/organization/icsa,Cultural,,https://gatorconnect.ufl.edu/organization/icsa,,,,,,False,Active
gc-432867,Industrial and Systems Engineering Ambassadors,ISEA,432867,https://gatorconnect.ufl.edu/organization/iseambassadors,Academic|Engineering & Technology,,https://gatorconnect.ufl.edu/organization/iseambassadors,,,,,,False,Active
gc-432205,Industry Pharmacists Organization,IPhO,432205,https://gatorconnect.ufl.edu/organization/ipho,Academic|Professional,https://industrypharmacist.org.,https://gatorconnect.ufl.edu/organization/ipho,,,,,,False,Active
gc-432556,Institute of Electrical & Electronics Engineers,IEEE,432556,https://gatorconnect.ufl.edu/organization/ieee,Academic|Honor Societies|Service|Social|Professional|Engineering & Technology,,https://ieee.ece.ufl.edu,,,,,,False,Active
gc-432060,Institute of Industrial and Systems Engineers,IISE,432060,https://gatorconnect.ufl.edu/organization/iise_uf,Academic|Social|Professional|Engineering & Technology,,https://gatorconnect.ufl.edu/organization/iise_uf,,,,,,False,Active
gc-432748,Institute of Transportation Engineers,Gator ITE,432748,https://gatorconnect.ufl.edu/organization/gatorite,Academic|Social|Professional|Engineering & Technology,,https://gatorconnect.ufl.edu/organization/gatorite,,,,,,False,Active
gc-433084,Intellectual Property & Technology Law Association,IPTLA,433084,https://gatorconnect.ufl.edu/organization/iptla,Academic|Professional,https://group.me/5UnHgUXc7e66hX,https://gatorconnect.ufl.edu/organization/iptla,,,,,,False,Active
gc-431657,Inter-Professional Healthcare Coalition,"Inter-Pro, IPHC",431657,https://gatorconnect.ufl.edu/organization/interprofessionalhealthcarecoalition,Professional,,https://gatorconnect.ufl.edu/organization/interprofessionalhealthcarecoalition,,,,,,False,Active
gc-431090,Inter-Residence Hall Association,IRHA,431090,https://gatorconnect.ufl.edu/organization/ufirha,Professional,,https://housing.ufl.edu/inter-residence-hall-association,,,,,,False,Active
gc-430244,INTERFRATERNITY COUNCIL,IFC,430244,https://gatorconnect.ufl.edu/organization/ufifc,Academic|Service|Social Fraternities/Sororities ,https://ufifc.org/about,https://gatorconnect.ufl.edu/organization/ufifc,,uf_ifc,https://www.instagram.com/uf_ifc/,MEDIUM,official_website_or_linkhub_homepage,True,Active
gc-432630,International Engineering Ambassadors,IEA,432630,https://gatorconnect.ufl.edu/organization/uf_iea,Cultural|Social|Engineering & Technology,,https://eng.ufl.edu/undergraduate/programs-and-partnerships/international-programs/international-engineering-ambassadors,,,,,,False,Active
gc-432046,International Fraternity of Delta Sigma Pi,Delta Sigma Pi,432046,https://gatorconnect.ufl.edu/organization/ufdspcom,Academic,"https://^correct website is ufdsp.com, won't let me add the period in the space above",https://gatorconnect.ufl.edu/organization/ufdspcom,,,,,,False,Active
gc-430825,InterVarsity Christian Fellowship,"IVCF, InterVarsity",430825,https://gatorconnect.ufl.edu/organization/intervarsity,Religious/Spiritual ,https://intervarsitygainesville.org,https://gatorconnect.ufl.edu/organization/intervarsity,,intervarsitygnv,https://www.instagram.com/intervarsitygnv/,HIGH,gatorconnect_explicit_link,False,Active
gc-433555,Investigative Reporters & Editors,IRE,433555,https://gatorconnect.ufl.edu/organization/ire,Academic|Social|Professional,,https://gatorconnect.ufl.edu/organization/ire,,,,,,False,Active
gc-433104,iOS Programming Club,IPC,433104,https://gatorconnect.ufl.edu/organization/iosprogrammingclub,Academic|Virtual Offerings|Professional|Engineering & Technology,,https://gatorconnect.ufl.edu/organization/iosprogrammingclub,,,,,,False,Active
gc-430940,Islam Appreciation Month Committee,IAMC,430940,https://gatorconnect.ufl.edu/organization/iamc,Religious/Spiritual |Service|Social,https://islamoncampus.com,https://gatorconnect.ufl.edu/organization/iamc,,,,,,False,Active
gc-429908,Islam On Campus,IOC,429908,https://gatorconnect.ufl.edu/organization/islamoncampus,Religious/Spiritual |Service|Social,,https://gatorconnect.ufl.edu/organization/islamoncampus,,,,,,False,Active
gc-433288,ISPE-Florida Student Chapter,Florida ISPE Student Chapter,433288,https://gatorconnect.ufl.edu/organization/florida_ispe_student_chapter,Academic|Service|Professional,,https://gatorconnect.ufl.edu/organization/florida_ispe_student_chapter,,,,,,False,Active
gc-431264,ISPOR Student Chapter,,431264,https://gatorconnect.ufl.edu/organization/na,Academic,,https://gatorconnect.ufl.edu/organization/na,,,,,,False,Active
gc-432510,Italian Student Association,ITSA,432510,https://gatorconnect.ufl.edu/organization/itsa,Cultural|Social,,https://gatorconnect.ufl.edu/organization/itsa,,,,,,False,Active
gc-429921,Jamaican-American Student Association,JAMSA,429921,https://gatorconnect.ufl.edu/organization/jamsa,Cultural|Service|Social,,https://orgs.studentinvolvement.ufl.edu/Organization/Jamaican-American-Student-Association,,,,,,False,Active
gc-431988,Japanese Club,J-Club,431988,https://gatorconnect.ufl.edu/organization/japaneseclub,Academic|Cultural|Special Interest,,https://gatorconnect.ufl.edu/organization/japaneseclub,,,,,,False,Active
gc-430852,Japanese Student Association,JSA,430852,https://gatorconnect.ufl.edu/organization/ufjsa,Cultural,,https://gatorconnect.ufl.edu/organization/ufjsa,,,,,,False,Active
gc-433023,Jewish Law Student Association,JLSA,433023,https://gatorconnect.ufl.edu/organization/ufjlsa,Cultural|Religious/Spiritual |Social,,https://gatorconnect.ufl.edu/organization/ufjlsa,,,,,,False,Active
gc-432250,JurisPride,JP,432250,https://gatorconnect.ufl.edu/organization/jurispride,Academic|Special Interest|Professional,,https://gatorconnect.ufl.edu/organization/jurispride,,,,,,False,Active
gc-430303,KAPPA ALPHA ORDER,,430303,https://gatorconnect.ufl.edu/organization/kappaalphaorder,Social Sorority/Fraternity (RSO SSF),,https://gatorconnect.ufl.edu/organization/kappaalphaorder,,,,,,False,Active
gc-432385,Kappa Alpha Pi Pre-Law and Government Fraternity,KAPi,432385,https://gatorconnect.ufl.edu/organization/kappalaphapi-prelaw,Academic|Service|Social|Professional,,https://gatorconnect.ufl.edu/organization/kappalaphapi-prelaw,,,,,,False,Active
gc-430264,KAPPA ALPHA PSI,,430264,https://gatorconnect.ufl.edu/organization/kappaalphapsi,Social Sorority/Fraternity (RSO SSF),,https://gatorconnect.ufl.edu/organization/kappaalphapsi,,ufnupes,https://www.instagram.com/ufnupes/,HIGH,gatorconnect_explicit_link,False,Active
gc-430257,KAPPA ALPHA THETA,,430257,https://gatorconnect.ufl.edu/organization/kappaalphatheta,Social Sorority/Fraternity (RSO SSF),https://florida.kappaalphatheta.org,https://gatorconnect.ufl.edu/organization/kappaalphatheta,,uftheta,https://www.instagram.com/uftheta/,HIGH,gatorconnect_explicit_link,False,Active
gc-430255,KAPPA DELTA,,430255,https://gatorconnect.ufl.edu/organization/kappadelta,Social Sorority/Fraternity (RSO SSF),,https://gatorconnect.ufl.edu/organization/kappadelta,,,,,,False,Active
gc-431864,Kappa Delta Pi at UF,KDPi,431864,https://gatorconnect.ufl.edu/organization/ufkdpi,Honor Societies|Service|Social|Professional,https://sites.google.com/view/uf-kdpi/home?pli=1,https://gatorconnect.ufl.edu/organization/ufkdpi,,,,,,False,Active
gc-432112,Kappa Epsilon Beta Alpha Chapter - Jacksonville,,432112,https://gatorconnect.ufl.edu/organization/kappaepsilonbetaalphachapter-jacksonville,Service|Social Fraternities/Sororities |Professional,,https://gatorconnect.ufl.edu/organization/kappaepsilonbetaalphachapter-jacksonville,,,,,,False,Active
gc-432145,Kappa Epsilon: Beta Beta Chapter Orlando,,432145,https://gatorconnect.ufl.edu/organization/kappaepsilonbetabeta,Service|Social Fraternities/Sororities |Professional,,https://gatorconnect.ufl.edu/organization/kappaepsilonbetabeta,,,,,,False,Active
gc-431568,Kappa Epsilon: Kappa Chapter,KE,431568,https://gatorconnect.ufl.edu/organization/kekappa,Academic|Service|Social Fraternities/Sororities |Professional,,https://gatorconnect.ufl.edu/organization/kekappa,,,,,,False,Active
gc-433152,Kappa Psi - Epsilon Mu - Orlando,KΨ,433152,https://gatorconnect.ufl.edu/organization/kappapsiepsilonmu,Professional,https://kappapsiepsilonmu.com,https://gatorconnect.ufl.edu/organization/kappapsiepsilonmu,,epsilonmu.kappapsi,https://www.instagram.com/epsilonmu.kappapsi/,MEDIUM,official_website_or_linkhub_homepage,False,Active
gc-431238,Kappa Psi Pharmaceutical Fraternity,Kappa Psi,431238,https://gatorconnect.ufl.edu/organization/kpwebmastersigwixsite,Social|Professional,,https://gatorconnect.ufl.edu/organization/kpwebmastersigwixsite,,,,,,False,Active
gc-430256,KAPPA SIGMA,,430256,https://gatorconnect.ufl.edu/organization/kappasigma,Social Sorority/Fraternity (RSO SSF),,https://gatorconnect.ufl.edu/organization/kappasigma,,,,,,False,Active
gc-432600,Knitting Gator,,432600,https://gatorconnect.ufl.edu/organization/knittinggator,Special Interest,https://groupme.com/join_group/62503766/Uan4XMmV,https://gatorconnect.ufl.edu/organization/knittinggator,,ufknittinggator,https://www.instagram.com/ufknittinggator/,HIGH,gatorconnect_explicit_link,False,Active
gc-431484,Knots for a Cause,K4AC,431484,https://gatorconnect.ufl.edu/organization/knots4acause,Service|Social|Special Interest,,https://gatorconnect.ufl.edu/organization/knots4acause,https://linktr.ee/knots4acause,,,,,False,Active
gc-431983,Korean Language Table,KLT,431983,https://gatorconnect.ufl.edu/organization/ufklt,Academic|Cultural|Social|Special Interest,,https://gatorconnect.ufl.edu/organization/ufklt,,,,,,False,Active
gc-431008,Korean Student Association,KSA,431008,https://gatorconnect.ufl.edu/organization/ksa,Cultural,https://ufkorean.com,https://gatorconnect.ufl.edu/organization/ksa,,uf_ksa,https://www.instagram.com/uf_ksa/,MEDIUM,official_website_or_linkhub_homepage,True,Active
gc-431614,Korean Undergraduate Student Association,KUSA,431614,https://gatorconnect.ufl.edu/organization/kusa,Cultural|Social,https://ufkusa.org,https://gatorconnect.ufl.edu/organization/kusa,,ufkusa,https://www.instagram.com/ufkusa/,MEDIUM,official_website_or_linkhub_homepage,True,Active
gc-430985,Korean-American Scientists and Engineers Association Young Generation Group,KSEA YG,430985,https://gatorconnect.ufl.edu/organization/ksea_yg,Academic|Engineering & Technology,https://fl.ksea.org/yg-uf-ksea/about-the-yg-group-uf-ksea,https://gatorconnect.ufl.edu/organization/ksea_yg,,,,,,False,Active
gc-432304,LADIES,,432304,https://gatorconnect.ufl.edu/organization/ladies,Academic|Service,,https://gatorconnect.ufl.edu/organization/ladies,,,,,,False,Active
gc-430263,LAMBDA CHI ALPHA,,430263,https://gatorconnect.ufl.edu/organization/lambdachialpha,Social Sorority/Fraternity (RSO SSF),https://uflambdachi.com,https://gatorconnect.ufl.edu/organization/lambdachialpha,,uflxa,https://www.instagram.com/uflxa/,HIGH,gatorconnect_explicit_link,False,Active
gc-430262,LAMBDA THETA ALPHA,LTA,430262,https://gatorconnect.ufl.edu/organization/lambdathetaalpha,Social Sorority/Fraternity (RSO SSF),https://lambdalady.org/collegiate,https://gatorconnect.ufl.edu/organization/lambdathetaalpha,,lta_chi,https://www.instagram.com/lta_chi/,HIGH,gatorconnect_explicit_link,False,Active
gc-433030,Landscape Architects Student Chapter,SCASLA,433030,https://gatorconnect.ufl.edu/organization/ufscasla,Academic|Service|Social|Professional,,https://gatorconnect.ufl.edu/organization/ufscasla,,,,,,False,Active
gc-433384,Latinas In Stem,LIS,433384,https://gatorconnect.ufl.edu/organization/latinasinstem,Academic|Cultural|Social|Professional|Engineering & Technology,https://latinasinstem.com,https://gatorconnect.ufl.edu/organization/latinasinstem,,,,,,False,Active
gc-431331,Latino Law Student Association,LLSA,431331,https://gatorconnect.ufl.edu/organization/latinolawstudentassociation,Academic|Cultural,,https://gatorconnect.ufl.edu/organization/latinolawstudentassociation,,,,,,False,Active
gc-432470,Latino Medical Students- Undergrad Chapter,LMSA,432470,https://gatorconnect.ufl.edu/organization/lmsa,Academic|Cultural,https://sites.google.com/view/uf-lmsa/home,https://gatorconnect.ufl.edu/organization/lmsa,,,,,,False,Active
gc-432361,Latinos In Action,LIA,432361,https://gatorconnect.ufl.edu/organization/latinosinaction,Academic|Cultural|Service|Social|Professional,https://uflatinosinaction.wixsite.com/lations-in-action-at,https://gatorconnect.ufl.edu/organization/latinosinaction,,,,,,False,Active
gc-432931,Latinx Veterinary Medical Association,LVMA,432931,https://gatorconnect.ufl.edu/organization/lvma,Academic|Cultural,https://uflvma.square.site,https://gatorconnect.ufl.edu/organization/lvma,,,,,,False,Active
gc-432628,Lavender Media Productions,,432628,https://gatorconnect.ufl.edu/organization/lavender,Cultural|Social|Special Interest|Professional,,https://gatorconnect.ufl.edu/organization/lavender,https://linktr.ee/lavender.mp,,,,,False,Active
gc-433125,Law Association for Women,LAW,433125,https://gatorconnect.ufl.edu/organization/lawassociationforwomen,Social|Special Interest|Professional,https://fawl.org,https://gatorconnect.ufl.edu/organization/lawassociationforwomen,,,,,,False,Active
gc-432158,Leadership Development Institute,LDI,432158,https://gatorconnect.ufl.edu/organization/ldi,Cultural|Social|Professional,,https://gatorconnect.ufl.edu/organization/ldi,,,,,,False,Active
gc-432184,LEAP,,432184,https://gatorconnect.ufl.edu/organization/leap,Academic|Special Interest|Professional,,https://gatorconnect.ufl.edu/organization/leap,,,,,,False,Active
gc-432605,Learning Equity Program,LEP,432605,https://gatorconnect.ufl.edu/organization/learningequityprogram,Academic|Service,,https://gatorconnect.ufl.edu/organization/learningequityprogram,,,,,,False,Active
gc-431825,Lebanese American Society,LAS,431825,https://gatorconnect.ufl.edu/organization/lebaneseamericansociety,Cultural|Social|Special Interest,,https://gatorconnect.ufl.edu/organization/lebaneseamericansociety,https://linktr.ee/las_uf,,,,,False,Active
gc-432932,LeetCode Club,,432932,https://gatorconnect.ufl.edu/organization/leetcode,Academic|Social|Special Interest|Professional|Engineering & Technology,,https://gatorconnect.ufl.edu/organization/leetcode,,,,,,False,Active
gc-433395,Let Us Lead,,433395,https://gatorconnect.ufl.edu/organization/letuslead,Political,https://letuslead.org,https://gatorconnect.ufl.edu/organization/letuslead,,letuslead_,https://www.instagram.com/letuslead_/,MEDIUM,official_website_or_linkhub_homepage,False,Active
gc-429947,Letters of Love Florida,LOL Florida,429947,https://gatorconnect.ufl.edu/organization/lolflorida,Academic|Service|Social,,https://gatorconnect.ufl.edu/organization/lolflorida,,lettersoflove_florida,https://www.instagram.com/lettersoflove_florida/,HIGH,gatorconnect_explicit_link,False,Active
gc-432017,Lettuce Club,,432017,https://gatorconnect.ufl.edu/organization/lettuceclub,Academic|Service|Social|Special Interest,,https://gatorconnect.ufl.edu/organization/lettuceclub,,,,,,False,Active
gc-429909,Lion Dance Team,LDT,429909,https://gatorconnect.ufl.edu/organization/lion-dance-team,Athletic|Cultural|Social,https://ufldt.com,https://gatorconnect.ufl.edu/organization/lion-dance-team,,,,,,False,Active
gc-429913,Lucero Films,,429913,https://gatorconnect.ufl.edu/organization/lucero_film,Cultural|Special Interest,,https://gatorconnect.ufl.edu/organization/lucero_film,,lucero_film,https://www.instagram.com/lucero_film/,HIGH,gatorconnect_explicit_link,False,Active
gc-432125,Lutheran Student Fellowship,LSF,432125,https://gatorconnect.ufl.edu/organization/lsf,Religious/Spiritual ,https://flcgainesville.org,https://gatorconnect.ufl.edu/organization/lsf,,flcgainesville,https://www.instagram.com/flcgainesville/,MEDIUM,official_website_or_linkhub_homepage,True,Active
gc-431968,March of Dimes Collegiate Council,MODCC,431968,https://gatorconnect.ufl.edu/organization/ufmodcc,Academic|Service,,https://gatorconnect.ufl.edu/organization/ufmodcc,,,,,,False,Active
gc-432954,Marine Biology Club,,432954,https://gatorconnect.ufl.edu/organization/marinebiologyclub,Academic|Professional,,https://gatorconnect.ufl.edu/organization/marinebiologyclub,,,,,,False,Active
gc-432945,Master in Business Administration Association,MBAA,432945,https://gatorconnect.ufl.edu/organization/mbaa,Academic|Service,,https://warrington.ufl.edu/current-students/graduate/mba-association,,,,,,False,Active
gc-433394,MATLAB Student Club,MATLAB Club,433394,https://gatorconnect.ufl.edu/organization/matlabclub,Academic|Engineering & Technology,,https://gatorconnect.ufl.edu/organization/matlabclub,,,,,,False,Active
gc-433034,MCS Graduate Assistant Organization,,433034,https://gatorconnect.ufl.edu/organization/mcsgraduateassistantorganization,Academic,,https://gatorconnect.ufl.edu/organization/mcsgraduateassistantorganization,,,,,,False,Active
gc-433403,MedGlobal at UF,MGUF,433403,https://gatorconnect.ufl.edu/organization/medglobalatuf,Academic|Service|Professional,,https://gatorconnect.ufl.edu/organization/medglobalatuf,,,,,,False,Active
gc-431958,Medical Anesthesia Association,MAA,431958,https://gatorconnect.ufl.edu/organization/maa,Academic|Service|Special Interest|Professional,https://ufmaaofficial.wixsite.com/medical-anesthesia-a,https://gatorconnect.ufl.edu/organization/maa,,ufmaa_,https://www.instagram.com/ufmaa_/,HIGH,gatorconnect_explicit_link,False,Active
gc-433399,Medical Community Host Group,MCHG,433399,https://gatorconnect.ufl.edu/organization/mchg,Academic|Service|Professional,,https://gatorconnect.ufl.edu/organization/mchg,,,,,,False,Active
gc-431623,Medical Graduate Student Organization,MGSO,431623,https://gatorconnect.ufl.edu/organization/mgsobms,Social,https://gsovpres.wixsite.com/gsobms,https://gatorconnect.ufl.edu/organization/mgsobms,,ufcomgso,https://www.instagram.com/ufcomgso/,MEDIUM,official_website_or_linkhub_homepage,True,Active
gc-432594,Medical School for Kids Outreach at UF,MD for Kids at UF,432594,https://gatorconnect.ufl.edu/organization/mdforkidsatuf,Service|Special Interest,,https://gatorconnect.ufl.edu/organization/mdforkidsatuf,,,,,,False,Active
gc-432052,"Medicine, Education, Development for Low Income Families Everywhere",MEDLIFE,432052,https://gatorconnect.ufl.edu/organization/ufmedlife,Service|Special Interest|Professional,https://ufmedlife.com,https://gatorconnect.ufl.edu/organization/ufmedlife,,,,,,False,Active
gc-433197,Men's Club Basketball at UF,,433197,https://gatorconnect.ufl.edu/organization/not-applicable,Athletic,,https://gatorconnect.ufl.edu/organization/not-applicable,,,,,,False,Active
gc-432908,Men's Club Water Polo,Men's Wapo,432908,https://gatorconnect.ufl.edu/organization/menswaterpolo,Athletic,https://ufmenswaterpolo.com,https://gatorconnect.ufl.edu/organization/menswaterpolo,,ufmenswaterpolo,https://www.instagram.com/ufmenswaterpolo/,MEDIUM,official_website_or_linkhub_homepage,False,Active
gc-432889,Men's Lacrosse,,432889,https://gatorconnect.ufl.edu/organization/mensclublacrosse,Athletic|Service,https://gatorlacrosse.com,https://gatorconnect.ufl.edu/organization/mensclublacrosse,,GatorsLaxClub,https://www.instagram.com/GatorsLaxClub/,MEDIUM,official_website_or_linkhub_homepage,True,Active
gc-433191,Men's Ultimate Frisbee Club Team,UF Men's Ultimate,433191,https://gatorconnect.ufl.edu/organization/ufmensultimate,Athletic|Social,,https://gatorconnect.ufl.edu/organization/ufmensultimate,,,,,,False,Active
gc-433096,Meteor.S Dance Crew,,433096,https://gatorconnect.ufl.edu/organization/meteorsdancecrew,Cultural,,https://gatorconnect.ufl.edu/organization/meteorsdancecrew,,,,,,False,Active
gc-431639,Middle Eastern Law Student Association,MELSA,431639,https://gatorconnect.ufl.edu/organization/melsa,Academic|Cultural|Special Interest|Professional,,https://gatorconnect.ufl.edu/organization/melsa,,,,,,False,Active
gc-431586,Mind Body Gator,MBG,431586,https://gatorconnect.ufl.edu/organization/mindbodygator,Social|Special Interest,,https://gatorconnect.ufl.edu/organization/mindbodygator,,mindbodygator,https://www.instagram.com/mindbodygator/,HIGH,gatorconnect_explicit_link,False,Active
gc-432923,Minority Pre Legal Society,MPLS,432923,https://gatorconnect.ufl.edu/organization/mpls,Academic|Professional,,https://gatorconnect.ufl.edu/organization/mpls,,,,,,False,Active
gc-432862,Mishelanu,,432862,https://gatorconnect.ufl.edu/organization/mishelanu,Cultural|Social,,https://gatorconnect.ufl.edu/organization/mishelanu,,ufmishelanu,https://www.instagram.com/ufmishelanu/,HIGH,gatorconnect_explicit_link,False,Active
gc-433655,Mock Lab,MockLab,433655,https://gatorconnect.ufl.edu/organization/mocklab,Academic|Service|Social|Special Interest|Virtual Offerings|Professional,,https://gatorconnect.ufl.edu/organization/mocklab,,,,,,False,Active
gc-432918,Mock Trial Team,,432918,https://gatorconnect.ufl.edu/organization/mocktrialteam,Academic|Professional,,https://gatorconnect.ufl.edu/organization/mocktrialteam,,,,,,False,Active
gc-431677,Model United Nations,Model UN,431677,https://gatorconnect.ufl.edu/organization/modelun,Academic|Political|Special Interest,,https://gatorconnect.ufl.edu/organization/modelun,https://linktr.ee/ufmun?utm_source=linktree_profile_share&ltsid=aba4d03e-8d51-4e9b-b671-a2fe08035118,,,,,False,Active
gc-433108,Mu Sigma Lambda,MSL,433108,https://gatorconnect.ufl.edu/organization/msl,Athletic|Special Interest,https://musigmalambda.org,https://gatorconnect.ufl.edu/organization/msl,,musigmalambda,https://www.instagram.com/musigmalambda/,MEDIUM,official_website_or_linkhub_homepage,False,Active
gc-432310,Multicultural Association of Pre-Health Students,MAPS,432310,https://gatorconnect.ufl.edu/organization/maps,Academic|Cultural|Service|Social,,https://gatorconnect.ufl.edu/organization/maps,,,,,,False,Active
gc-430182,Multicultural Greek Council,MGC,430182,https://gatorconnect.ufl.edu/organization/mgc,Cultural|Social Fraternities/Sororities ,https://mgcuf.org,https://gatorconnect.ufl.edu/organization/mgc,,uf_mgc,https://www.instagram.com/uf_mgc/,HIGH,gatorconnect_explicit_link,False,Active
gc-430826,Music Meets Medicine,MMM,430826,https://gatorconnect.ufl.edu/organization/musicmeetsmedicine,Academic|Service|Social|Special Interest|Professional,,https://gatorconnect.ufl.edu/organization/musicmeetsmedicine,,,,,,False,Active
gc-431463,Muslim Health Association,MHA,431463,https://gatorconnect.ufl.edu/organization/muslimhealthassociation,Cultural|Religious/Spiritual |Social,,https://gatorconnect.ufl.edu/organization/muslimhealthassociation,,,,,,False,Active
gc-433334,National Arab American Medical Association,NAAMA,433334,https://gatorconnect.ufl.edu/organization/naama,Academic|Cultural|Service|Social|Special Interest,,https://gatorconnect.ufl.edu/organization/naama,,,,,,False,Active
gc-433035,National Association of Home Builders,NAHB,433035,https://gatorconnect.ufl.edu/organization/nahb,Academic|Professional,,https://gatorconnect.ufl.edu/organization/nahb,,,,,,False,Active
gc-432124,National Community Pharmacists Association Gainesville Chapter,NCPA,432124,https://gatorconnect.ufl.edu/organization/ncpa,Professional,,https://gatorconnect.ufl.edu/organization/ncpa,,,,,,False,Active
gc-432989,National Hispanic Pharmacy Association - Organizacion Latina de Estudiantes de Farmacia,NHPA-OLEF Orlando,432989,https://gatorconnect.ufl.edu/organization/nhpa-olef-orlando,Cultural,https://nationalhispanichealthfoundation.org/nhpa/school/university-of-florida-college-of-pharmacy,https://gatorconnect.ufl.edu/organization/nhpa-olef-orlando,,,,,,False,Active
gc-431772,National Lawyers Guild at UF,NLG,431772,https://gatorconnect.ufl.edu/organization/nlg,Academic|Political|Service,,https://gatorconnect.ufl.edu/organization/nlg,,uf_nlg,https://www.instagram.com/uf_nlg/,HIGH,gatorconnect_explicit_link,False,Active
gc-432055,National Marrow Donor Program,NMDP,432055,https://gatorconnect.ufl.edu/organization/nmdpuflorida,Academic|Service|Social,,https://gatorconnect.ufl.edu/organization/nmdpuflorida,,,,,,False,Active
gc-433364,National Organization for the Professional Advancement of Black Chemists and Chemical Engineers.,NOBCChE,433364,https://gatorconnect.ufl.edu/organization/nobcche,Academic|Service|Social|Professional|Engineering & Technology,https://nobcche.org,https://gatorconnect.ufl.edu/organization/nobcche,,nobccheofficial,https://www.instagram.com/nobccheofficial/,MEDIUM,official_website_or_linkhub_homepage,True,Active
gc-431478,"National Pan-Hellenic Council, Incorporated",NPHC,431478,https://gatorconnect.ufl.edu/organization/nphchq,Service|Social Fraternities/Sororities ,,https://gatorconnect.ufl.edu/organization/nphchq,,,,,,False,Active
gc-432217,National Security Club,NSC,432217,https://gatorconnect.ufl.edu/organization/ufnsc,Special Interest|Professional|Engineering & Technology,https://ufnatsec.org,https://gatorconnect.ufl.edu/organization/ufnsc,,,,,,False,Active
gc-432306,National Society of Black Engineers,NSBE,432306,https://gatorconnect.ufl.edu/organization/nsbe,Academic|Cultural|Service|Professional|Engineering & Technology,https://ufnsbe.org,https://gatorconnect.ufl.edu/organization/nsbe,,ufnsbe,https://www.instagram.com/ufnsbe/,MEDIUM,official_website_or_linkhub_homepage,True,Active
gc-432144,National Society of MANRRS,MANRRS,432144,https://gatorconnect.ufl.edu/organization/manrrs,Academic|Service|Professional,https://manrrs.org,https://gatorconnect.ufl.edu/organization/manrrs,,,,,,False,Active
gc-430983,National Student Speech-Language Hearing Assoc.,NSSLHA,430983,https://gatorconnect.ufl.edu/organization/nsslha,Academic|Special Interest|Professional,https://nsslhaufl.weebly.com,https://gatorconnect.ufl.edu/organization/nsslha,,nsslhagators,https://www.instagram.com/nsslhagators/,MEDIUM,official_website_or_linkhub_homepage,True,Active
gc-433446,Natural Resource Diversity Initiative,NRDI,433446,https://gatorconnect.ufl.edu/organization/natural_resource_diversity_initiative,Cultural|Social|Special Interest,,https://gatorconnect.ufl.edu/organization/natural_resource_diversity_initiative,,,,,,False,Active
gc-433126,Natural Resources & Environment Grad Council,NREGC,433126,https://gatorconnect.ufl.edu/organization/nregc,Academic|Social,,https://gatorconnect.ufl.edu/organization/nregc,,,,,,False,Active
gc-431936,Nature Coast Student Organization,NCSO,431936,https://gatorconnect.ufl.edu/organization/ncso,Academic|Social|Professional,,https://gatorconnect.ufl.edu/organization/ncso,,,,,,False,Active
gc-431742,Nepalese Student Association,NSA,431742,https://gatorconnect.ufl.edu/organization/nepalese-student-association,Cultural|Social,,https://gatorconnect.ufl.edu/organization/nepalese-student-association,,,,,,False,Active
gc-432998,Neurogenetics Student Organization,NGSO,432998,https://gatorconnect.ufl.edu/organization/ngso,Academic|Special Interest,,https://gatorconnect.ufl.edu/organization/ngso,,,,,,False,Active
gc-432349,NeuroMusic,UNM,432349,https://gatorconnect.ufl.edu/organization/neuromusic,Academic|Service|Social|Special Interest,,https://gatorconnect.ufl.edu/organization/neuromusic,,,,,,False,Active
gc-433489,New Age Radio Club,NARC,433489,https://gatorconnect.ufl.edu/organization/newageradioclub,Social|Special Interest,,https://gatorconnect.ufl.edu/organization/newageradioclub,https://linktr.ee/newageradioclub,,,,,False,Active
gc-431270,NHPA Organización Latina de Estudiantes de Farmacia-Gainesville,NHPA OLEF-GNV,431270,https://gatorconnect.ufl.edu/organization/organizacionlatinadeef,Cultural|Social|Professional,,https://gatorconnect.ufl.edu/organization/organizacionlatinadeef,,,,,,False,Active
gc-432356,NORD Students for Rare,NORD,432356,https://gatorconnect.ufl.edu/organization/nord-students-for-rare,Service|Special Interest,,https://gatorconnect.ufl.edu/organization/nord-students-for-rare,,,,,,False,Active
gc-431989,North African Student Association,NASA,431989,https://gatorconnect.ufl.edu/organization/ufnasa,Cultural|Social,,https://gatorconnect.ufl.edu/organization/ufnasa,,,,,,False,Active
gc-432019,North American Young Generation in Nuclear,NAYGN,432019,https://gatorconnect.ufl.edu/organization/naygnuf,Service|Special Interest|Professional|Engineering & Technology,https://naygnuf.com,https://gatorconnect.ufl.edu/organization/naygnuf,,,,,,False,Active
gc-433295,North Florida Research and Education Center Students’ Association,NFREC-SA,433295,https://gatorconnect.ufl.edu/organization/nfrec-sa,Academic|Cultural|Social|Professional,,https://gatorconnect.ufl.edu/organization/nfrec-sa,,,,,,False,Active
gc-432623,Nurses Leading Change,NLC,432623,https://gatorconnect.ufl.edu/organization/nursesleadingchange,Academic|Service|Social|Professional,,https://gatorconnect.ufl.edu/organization/nursesleadingchange,,,,,,False,Active
gc-432026,Off Campus Ambassadors,OCA,432026,https://gatorconnect.ufl.edu/organization/offcampusambassadors,Service|Social|Professional,,https://gatorconnect.ufl.edu/organization/offcampusambassadors,,,,,,False,Active
gc-430245,Office of Community & Belonging,,430245,https://gatorconnect.ufl.edu/organization/communityandbelonging,Cultural|Special Interest,,https://studentengagement.ufl.edu,,ufstudentengage,https://www.instagram.com/ufstudentengage/,HIGH,gatorconnect_explicit_link,False,Active
gc-426568,Office of the Vice President for Business Affairs,,426568,https://gatorconnect.ufl.edu/organization/businessaffairs,University Units,,https://businessaffairs.ufl.edu,,,,,,False,Active
gc-431031,Omega Phi Alpha,OphiA,431031,https://gatorconnect.ufl.edu/organization/omegaphialpha,Service|Social,https://opaportal.org/app/login?pageRedirect=%2Falphaomicron%2Fmemberhome.php&chapter=alphaomicron,https://gatorconnect.ufl.edu/organization/omegaphialpha,,omegaphialphauf,https://www.instagram.com/omegaphialphauf/,HIGH,gatorconnect_explicit_link,False,Active
gc-430312,OMEGA PSI PHI,,430312,https://gatorconnect.ufl.edu/organization/omegapsiphi,Social Sorority/Fraternity (RSO SSF),,https://gatorconnect.ufl.edu/organization/omegapsiphi,,,,,,False,Active
gc-433392,ONWARD,,433392,https://gatorconnect.ufl.edu/organization/ufonward,Academic|Cultural|Service|Social|Special Interest,,https://gatorconnect.ufl.edu/organization/ufonward,,,,,,False,Active
gc-431673,Open Source Club,OSC,431673,https://gatorconnect.ufl.edu/organization/osc,Engineering & Technology,https://ufosc.org,https://gatorconnect.ufl.edu/organization/osc,,uf_osc,https://www.instagram.com/uf_osc/,MEDIUM,official_website_or_linkhub_homepage,True,Active
gc-433164,Orbital Gator,Orbital Gators,433164,https://gatorconnect.ufl.edu/organization/orbitalgators,Academic|Special Interest|Engineering & Technology,,https://gatorconnect.ufl.edu/organization/orbitalgators,,,,,,False,Active
gc-432871,Organic Researchers and Chemists Association,ORCA,432871,https://gatorconnect.ufl.edu/organization/ufacsorca,Academic|Service|Social|Special Interest|Professional,,https://ufacsorca.chem.ufl.edu,,,,,,False,Active
gc-433449,Organización de Estudiantes Graduados de Español,OEGE,433449,https://gatorconnect.ufl.edu/organization/oege,Academic|Cultural|Service|Social|Professional,,https://gatorconnect.ufl.edu/organization/oege,,,,,,False,Active
gc-431255,Orthodontics Interest Group,OIG,431255,https://gatorconnect.ufl.edu/organization/orthodontics-interest-group,Academic|Special Interest,,https://gatorconnect.ufl.edu/organization/orthodontics-interest-group,,,,,,False,Active
gc-432848,Orthodox Christian Campus Ministries,OCCM,432848,https://gatorconnect.ufl.edu/organization/ufoccm,Religious/Spiritual |Service|Social,,https://gatorconnect.ufl.edu/organization/ufoccm,,,,,,False,Active
gc-433550,Orthodox Christian Fellowship,OCF,433550,https://gatorconnect.ufl.edu/organization/ocf,Religious/Spiritual |Service,,https://gatorconnect.ufl.edu/organization/ocf,,,,,,False,Active
gc-432693,Orthopedics and Athletic Medicine at UF,OAM,432693,https://gatorconnect.ufl.edu/organization/oam,Academic|Service,,https://gatorconnect.ufl.edu/organization/oam,,,,,,False,Active
gc-433347,oSTEM,,433347,https://gatorconnect.ufl.edu/organization/ostemflorida,Academic|Social|Professional|Engineering & Technology,,https://gatorconnect.ufl.edu/organization/ostemflorida,,,,,,False,Active
gc-431990,Our Art Collective,OAC,431990,https://gatorconnect.ufl.edu/organization/ourartcollective,Social|Special Interest,https://discord.com/invite/6esSCh3Fyh,https://gatorconnect.ufl.edu/organization/ourartcollective,,ourartcollectiveuf,https://www.instagram.com/ourartcollectiveuf/,HIGH,gatorconnect_explicit_link,False,Active
gc-431963,Outdoor Adventure Recreation,OAR,431963,https://gatorconnect.ufl.edu/organization/oar,Social|Special Interest,,https://gatorconnect.ufl.edu/organization/oar,,,,,,False,Active
gc-432289,OUTdoors,,432289,https://gatorconnect.ufl.edu/organization/femme,Social,,https://gatorconnect.ufl.edu/organization/femme,,,,,,False,Active
gc-433651,Pacific Islander Student Association,PISA,433651,https://gatorconnect.ufl.edu/organization/ufpisa,Cultural|Social|Special Interest,,https://gatorconnect.ufl.edu/organization/ufpisa,,,,,,False,Active
gc-431176,Pair-a-Dice Board and Tabletop Gaming,PDG,431176,https://gatorconnect.ufl.edu/organization/pair-a-dice_gaming,Social,,https://gatorconnect.ufl.edu/organization/pair-a-dice_gaming,,,,,,False,Active
gc-431656,Pakistani Students' Association,PSA,431656,https://gatorconnect.ufl.edu/organization/ufpsa,Cultural|Social,,https://gatorconnect.ufl.edu/organization/ufpsa,,,,,,False,Active
gc-432177,Partners in Health Engage,PIHE,432177,https://gatorconnect.ufl.edu/organization/partnersinhealthengage,Political|Service|Special Interest,,https://gatorconnect.ufl.edu/organization/partnersinhealthengage,,,,,,False,Active
gc-432617,Passionate Musicians On Call,PMOC,432617,https://gatorconnect.ufl.edu/organization/pmoc,Service|Social|Special Interest,https://sites.google.com/view/ufpmoc/home,https://gatorconnect.ufl.edu/organization/pmoc,,,,,,False,Active
gc-433241,Patriot Coalition,UFPC,433241,https://gatorconnect.ufl.edu/organization/ufpc,Academic|Political|Social|Special Interest,,https://gatorconnect.ufl.edu/organization/ufpc,,,,,,False,Active
gc-430934,PediaGator,,430934,https://gatorconnect.ufl.edu/organization/pediagatorgnv,Academic|Special Interest,,https://gatorconnect.ufl.edu/organization/pediagatorgnv,,,,,,False,Active
gc-431075,PediaGator Jacksonville,PediaGators JAX,431075,https://gatorconnect.ufl.edu/organization/pediagatorsjacksonville,Academic,,https://gatorconnect.ufl.edu/organization/pediagatorsjacksonville,,,,,,False,Active
gc-432220,PediaGator Orlando,,432220,https://gatorconnect.ufl.edu/organization/pediagatororl,Academic|Service|Special Interest,,https://gatorconnect.ufl.edu/organization/pediagatororl,,,,,,False,Active
gc-431451,People for Animal Wellness,PAW,431451,https://gatorconnect.ufl.edu/organization/pawclubufl,Service,,https://gatorconnect.ufl.edu/organization/pawclubufl,,,,,,False,Active
gc-433382,PERIOD. at UF,PERIOD. @ UF,433382,https://gatorconnect.ufl.edu/organization/period,Service|Social|Special Interest,,https://gatorconnect.ufl.edu/organization/period,,,,,,False,Active
gc-433575,PERMIAS Gainesville Indonesian Student Association,PERMIAS Gainesville,433575,https://gatorconnect.ufl.edu/organization/permias_gainesville,Cultural,,https://gatorconnect.ufl.edu/organization/permias_gainesville,,,,,,False,Active
gc-432148,Personal Finance Club,PFC,432148,https://gatorconnect.ufl.edu/organization/pfc,Academic,,https://gatorconnect.ufl.edu/organization/pfc,https://linktr.ee/pfcuf?utm_source=linktree_profile_share&ltsid=a7852d45-f704-49e3-a713-3a32a76733bc,,,,,False,Active
gc-431555,Pharmacy Student Council - Gainesville,SC GNV,431555,https://gatorconnect.ufl.edu/organization/scgnv,Academic,,https://gatorconnect.ufl.edu/organization/scgnv,,,,,,False,Active
gc-431024,Pharmacy Student Council- Orlando,PSC-ORL,431024,https://gatorconnect.ufl.edu/organization/pscorl,Academic|Service|Social,,https://gatorconnect.ufl.edu/organization/pscorl,,,,,,False,Active
gc-431654,Phi Alpha Delta Pre-Law,P.A.D,431654,https://gatorconnect.ufl.edu/organization/ufpad,Academic|Social|Special Interest,,https://gatorconnect.ufl.edu/organization/ufpad,,,,,,False,Active
gc-430315,PHI BETA SIGMA,,430315,https://gatorconnect.ufl.edu/organization/phibetasigma,Social Sorority/Fraternity (RSO SSF),,https://gatorconnect.ufl.edu/organization/phibetasigma,,,,,,False,Active
gc-431882,Phi Delta Chi,PDC,431882,https://gatorconnect.ufl.edu/organization/phi-delta-chi-delta-delta-chapter,Social Fraternities/Sororities |Professional,,https://gatorconnect.ufl.edu/organization/phi-delta-chi-delta-delta-chapter,,,,,,False,Active
gc-433143,Phi Eta Sigma Honor Society,PES,433143,https://gatorconnect.ufl.edu/organization/phietasigma,Academic|Honor Societies|Service,https://phietasigma.org,https://gatorconnect.ufl.edu/organization/phietasigma,,,,,,False,Active
gc-430316,PHI GAMMA DELTA (FIJI),,430316,https://gatorconnect.ufl.edu/organization/phigammadelta,Social Sorority/Fraternity (RSO SSF),,https://gatorconnect.ufl.edu/organization/phigammadelta,,fijiuf,https://www.instagram.com/fijiuf/,HIGH,gatorconnect_explicit_link,False,Active
gc-430310,PHI KAPPA TAU,,430310,https://gatorconnect.ufl.edu/organization/phikappatau,Social Sorority/Fraternity (RSO SSF),,https://gatorconnect.ufl.edu/organization/phikappatau,,,,,,False,Active
gc-432919,Phi Lambda Sigma- Iota Chapter,PLS,432919,https://gatorconnect.ufl.edu/organization/philambdasigmaiota,Academic|Honor Societies|Professional,https://philambdasigma.org,https://gatorconnect.ufl.edu/organization/philambdasigmaiota,,philambdasigma,https://www.instagram.com/philambdasigma/,MEDIUM,official_website_or_linkhub_homepage,False,Active
gc-430311,PHI MU,,430311,https://gatorconnect.ufl.edu/organization/phimu,Social Sorority/Fraternity (RSO SSF),,https://gatorconnect.ufl.edu/organization/phimu,,,,,,False,Active
gc-429961,Phi Sigma Pi,PSP,429961,https://gatorconnect.ufl.edu/organization/psp,Academic|Honor Societies|Service|Social,https://phisigmapi.org/chapter/ufl,https://gatorconnect.ufl.edu/organization/psp,,phisigmapiuf,https://www.instagram.com/phisigmapiuf/,HIGH,gatorconnect_explicit_link,False,Active
gc-431426,Phi Sigma Rho,"Phi Rho, PSR",431426,https://gatorconnect.ufl.edu/organization/phisigmarho,Social Fraternities/Sororities |Engineering & Technology,https://phisigmarhouf.com and florida.phisigmarho.org,https://gatorconnect.ufl.edu/organization/phisigmarho,,,,,,False,Active
gc-432887,Phi Tau Sigma,PTS,432887,https://gatorconnect.ufl.edu/organization/phitausigma,Academic|Honor Societies|Social|Professional,,https://gatorconnect.ufl.edu/organization/phitausigma,,,,,,False,Active
gc-433398,Philippine Health Initiative,PHI,433398,https://gatorconnect.ufl.edu/organization/philippinehealthinitiative,Academic|Cultural|Service|Social|Professional,https://philippinehealthinitiative.org,https://gatorconnect.ufl.edu/organization/philippinehealthinitiative,,philippinehealthinitiative,https://www.instagram.com/philippinehealthinitiative/,MEDIUM,official_website_or_linkhub_homepage,False,Active
gc-433128,Phoebe Louise Dooley Student Organization,PLDSO,433128,https://gatorconnect.ufl.edu/organization/pldso,Service,,https://gatorconnect.ufl.edu/organization/pldso,,,,,,False,Active
gc-430314,PI BETA PHI,Pi Phi,430314,https://gatorconnect.ufl.edu/organization/pibetaphi,Social Sorority/Fraternity (RSO SSF),https://ufl.pibetaphi.org,https://gatorconnect.ufl.edu/organization/pibetaphi,,pibetaphi,https://www.instagram.com/pibetaphi/,HIGH,gatorconnect_explicit_link,False,Active
gc-430285,PI KAPPA ALPHA,Pike,430285,https://gatorconnect.ufl.edu/organization/pikappaalpha,Social Sorority/Fraternity (RSO SSF),,https://gatorconnect.ufl.edu/organization/pikappaalpha,,,,,,False,Active
gc-430293,PI KAPPA PHI,,430293,https://gatorconnect.ufl.edu/organization/pikappaphi,Social Sorority/Fraternity (RSO SSF),https://pikappgator.org,https://gatorconnect.ufl.edu/organization/pikappaphi,,,,,,False,Active
gc-430277,PI LAMBDA PHI,,430277,https://gatorconnect.ufl.edu/organization/pilambdaphi,Social Sorority/Fraternity (RSO SSF),,https://gatorconnect.ufl.edu/organization/pilambdaphi,,,,,,False,Active
gc-431261,Pi Lambda Sigma,POLIS,431261,https://gatorconnect.ufl.edu/organization/polis,Academic|Political|Service|Social Fraternities/Sororities ,https://ufpolis.com,https://gatorconnect.ufl.edu/organization/polis,,ufpolis,https://www.instagram.com/ufpolis/,HIGH,gatorconnect_explicit_link,False,Active
gc-433119,Pi Sigma Alpha - The National Political Science Honor Society,PSA,433119,https://gatorconnect.ufl.edu/organization/pi_sigma_alpha,Academic|Honor Societies|Political,,https://gatorconnect.ufl.edu/organization/pi_sigma_alpha,,,,,,False,Active
gc-433374,Plant and Wildlife Club,,433374,https://gatorconnect.ufl.edu/organization/pwc,New Organizations,,https://gatorconnect.ufl.edu/organization/pwc,,,,,,False,Active
gc-432147,Plant Pathology Graduate Student Organization,PPGSO,432147,https://gatorconnect.ufl.edu/organization/ppgso,Academic|Social|Professional,,https://plantpath.ifas.ufl.edu/people/graduate-student-organization-original,,,,,,False,Active
gc-433584,Plant Science Ambassadors,PLSA,433584,https://gatorconnect.ufl.edu/organization/plantscience,Academic|Special Interest|Professional,,https://plantscience.ifas.ufl.edu,,,,,,False,Active
gc-432204,Plant Science Council,PSC,432204,https://gatorconnect.ufl.edu/organization/ufplants,Academic|Service|Professional,https://ufplants.org,https://gatorconnect.ufl.edu/organization/ufplants,,,,,,False,Active
gc-431993,Poker Strategy Club,,431993,https://gatorconnect.ufl.edu/organization/pokerstrategyclub,Social|Special Interest,,https://gatorconnect.ufl.edu/organization/pokerstrategyclub,,,,,,False,Active
gc-432175,Pokémon Go Players,POGO Players,432175,https://gatorconnect.ufl.edu/organization/pokemongoplayers,Social,,https://gatorconnect.ufl.edu/organization/pokemongoplayers,,,,,,False,Active
gc-433010,Policy Advocacy in Science and Engineering,PASE,433010,https://gatorconnect.ufl.edu/organization/gator-pase,Academic|Political|Engineering & Technology,https://gator-pase.github.io,https://gatorconnect.ufl.edu/organization/gator-pase,,,,,,False,Active
gc-432180,Polish Student Association,POLSA,432180,https://gatorconnect.ufl.edu/organization/polsa,Cultural|Social,,https://gatorconnect.ufl.edu/organization/polsa,,,,,,False,Active
gc-432109,Political Science Graduate Student Council,PSGSC,432109,https://gatorconnect.ufl.edu/organization/psgsc,Academic,,https://polisci.ufl.edu/graduate/political-science-grad-student-council,,,,,,False,Active
gc-431269,Power and Energy Club,PEC,431269,https://gatorconnect.ufl.edu/organization/power-and-energy-club,Academic|Professional|Engineering & Technology,,https://gatorconnect.ufl.edu/organization/power-and-energy-club,https://linktr.ee/ufpowerandenergy?utm_source=linktree_profile_share&ltsid=8a8d52de-8a97-4536-b81a-f278b058d40a,,,,,False,Active
gc-432913,Praxis Galore,Praxis,432913,https://gatorconnect.ufl.edu/organization/praxis,Social|Special Interest,https://praxisgalore.wixsite.com/praxisgalore,https://gatorconnect.ufl.edu/organization/praxis,,,,,,False,Active
gc-432219,Pre-Anesthesiologist Assistant Club,UFPCAA,432219,https://gatorconnect.ufl.edu/organization/ufpcaa,Academic|Special Interest|Professional,,https://gatorconnect.ufl.edu/organization/ufpcaa,,,,,,False,Active
gc-431326,Pre-Dental American Student Dental Association,Pre-Dental ASDA,431326,https://gatorconnect.ufl.edu/organization/pre-dental-asda,Academic|Service|Social|Special Interest,https://ufpredental.weebly.com,https://gatorconnect.ufl.edu/organization/pre-dental-asda,,ufpredental,https://www.instagram.com/ufpredental/,MEDIUM,official_website_or_linkhub_homepage,False,Active
gc-431885,Pre-Dental Society,,431885,https://gatorconnect.ufl.edu/organization/pre-dentalsociety,Academic|Service|Social|Special Interest|Professional,https://uflpredentalsociety.wixsite.com/ufpredentalsociety,https://gatorconnect.ufl.edu/organization/pre-dentalsociety,,predentalsociety,https://www.instagram.com/predentalsociety/,MEDIUM,official_website_or_linkhub_homepage,False,Active
gc-433640,Pre-Health Research and Equity Partnership,PREP,433640,https://gatorconnect.ufl.edu/organization/ufprep,Academic|Service|Professional,https://ufprepwebsite.vercel.app,https://gatorconnect.ufl.edu/organization/ufprep,,,,,,False,Active
gc-432516,Pre-Health Service Council,PHSC,432516,https://gatorconnect.ufl.edu/organization/prehealthservicecouncil,Service|Professional,,https://gatorconnect.ufl.edu/organization/prehealthservicecouncil,,,,,,False,Active
gc-432744,Pre-Legal Honor Society,PLHS,432744,https://gatorconnect.ufl.edu/organization/plhs,Academic|Honor Societies|Service|Social|Special Interest|Virtual Offerings,https://ufplhs.com,https://gatorconnect.ufl.edu/organization/plhs,,,,,,False,Active
gc-431322,Pre-Optometry Pupils,POP,431322,https://gatorconnect.ufl.edu/organization/pre-optometry-pupils,Academic,,https://gatorconnect.ufl.edu/organization/pre-optometry-pupils,,,,,,False,Active
gc-431879,Pre-Pharmacy Society,PPS,431879,https://gatorconnect.ufl.edu/organization/pps,Academic|Service|Social|Special Interest|Professional,,https://gatorconnect.ufl.edu/organization/pps,,,,,,False,Active
gc-431594,Pre-Physician Assistant Association,PPAA,431594,https://gatorconnect.ufl.edu/organization/ppaa,Academic|Service|Social|Virtual Offerings|Professional,https://ufppaa.com,https://gatorconnect.ufl.edu/organization/ppaa,,,,,,False,Active
gc-432066,Pre-Professional Service Organization,PSO,432066,https://gatorconnect.ufl.edu/organization/ufpso1971,Academic|Honor Societies|Service,,https://gatorconnect.ufl.edu/organization/ufpso1971,,,,,,False,Active
gc-433048,Pre-Scrub Club,,433048,https://gatorconnect.ufl.edu/organization/prescrubclub,Service|Professional,,https://gatorconnect.ufl.edu/organization/prescrubclub,,,,,,False,Active
gc-432921,Prestigious Awards Student Support,PASS the Torch,432921,https://gatorconnect.ufl.edu/organization/passthetorch,Academic|Special Interest|Virtual Offerings|Professional,,https://gatorconnect.ufl.edu/organization/passthetorch,,,,,,False,Active
gc-432997,Prevailing Word Student Ministry,PWSM,432997,https://gatorconnect.ufl.edu/organization/pwsm,Religious/Spiritual |Social,,https://gatorconnect.ufl.edu/organization/pwsm,,,,,,False,Active
gc-429904,Pride Student Union,PSU,429904,https://gatorconnect.ufl.edu/organization/pride-student-union,Cultural|Political|Social|Special Interest,,https://gatorconnect.ufl.edu/organization/pride-student-union,,ufpsu,https://www.instagram.com/ufpsu/,HIGH,gatorconnect_explicit_link,False,Active
gc-431598,Product Space,PS,431598,https://gatorconnect.ufl.edu/organization/productspace,Academic|Special Interest|Professional|Engineering & Technology,,https://gatorconnect.ufl.edu/organization/productspace,,,,,,False,Active
gc-432359,Professional Pathways in Economics,PPE,432359,https://gatorconnect.ufl.edu/organization/ppe,Academic,,https://gatorconnect.ufl.edu/organization/ppe,,,,,,False,Active
gc-432295,Programming Team,,432295,https://gatorconnect.ufl.edu/organization/programming-team,Academic,,https://gatorconnect.ufl.edu/organization/programming-team,,,,,,False,Active
gc-432917,Progressive Black Men Inc.,,432917,https://gatorconnect.ufl.edu/organization/progressiveblackmeninc,Academic|Service|Social,https://pbmuf.org,https://gatorconnect.ufl.edu/organization/progressiveblackmeninc,,uf_pbm89,https://www.instagram.com/uf_pbm89/,HIGH,gatorconnect_explicit_link,False,Active
gc-431130,Project Common Table,,431130,https://gatorconnect.ufl.edu/organization/projectcommontable,Service,,https://gatorconnect.ufl.edu/organization/projectcommontable,,projectcommontable,https://www.instagram.com/projectcommontable/,HIGH,gatorconnect_explicit_link,False,Active
gc-432159,Project Makeover,PM,432159,https://gatorconnect.ufl.edu/organization/projectmakeover,Service,https://projectmakeover.org/our-mission.html,https://gatorconnect.ufl.edu/organization/projectmakeover,,,,,,False,Active
gc-433659,Project Sol,PSOL,433659,https://gatorconnect.ufl.edu/organization/projectsol,Athletic|Service,,https://gatorconnect.ufl.edu/organization/projectsol,,,,,,False,Active
gc-433118,Promoting Undergraduate Learning and Studies in Astronomical Research,PULSAR,433118,https://gatorconnect.ufl.edu/organization/pulsar,Academic|Special Interest,,https://gatorconnect.ufl.edu/organization/pulsar,,,,,,False,Active
gc-433051,Psi Omega Dental Fraternity,,433051,https://gatorconnect.ufl.edu/organization/psiomega,Academic|Social Fraternities/Sororities ,,https://gatorconnect.ufl.edu/organization/psiomega,,,,,,False,Active
gc-431324,Psychiatry Student Interest Group Network,PsychSIGN,431324,https://gatorconnect.ufl.edu/organization/psychsign,Academic|Special Interest|Professional,,https://gatorconnect.ufl.edu/organization/psychsign,,,,,,False,Active
gc-431257,Psychology Club,,431257,https://gatorconnect.ufl.edu/organization/psychclub,Academic|Honor Societies|Service|Social|Special Interest,https://ufpsychclub.com,https://gatorconnect.ufl.edu/organization/psychclub,,uf_psychclub,https://www.instagram.com/uf_psychclub/,HIGH,gatorconnect_explicit_link,False,Active
gc-433137,Public Health Student Association,PHSA,433137,https://gatorconnect.ufl.edu/organization/public-health-student-association,Academic|Service|Social,,https://phhp.ufl.edu/student-resources/clubs-and-organizations/public-health-student-association,,,,,,False,Active
gc-431473,Public Interest and Government Law Association,PIGLA,431473,https://gatorconnect.ufl.edu/organization/pigla,Academic|Special Interest|Professional,,https://gatorconnect.ufl.edu/organization/pigla,,,,,,False,Active
gc-432613,Public Interest Communications Student Association,PICSA,432613,https://gatorconnect.ufl.edu/organization/picsa,Academic|Service|Social|Special Interest|Professional,https://sites.google.com/view/ufpicsa/home,https://gatorconnect.ufl.edu/organization/picsa,,,,,,False,Active
gc-431682,Public Interest Environmental Conference,PIEC,431682,https://gatorconnect.ufl.edu/organization/piec,Academic,,https://gatorconnect.ufl.edu/organization/piec,,,,,,False,Active
gc-433049,Public Leadership Society,PLS,433049,https://gatorconnect.ufl.edu/organization/publicleadershipsociety,Service|Social|Professional,,https://gatorconnect.ufl.edu/organization/publicleadershipsociety,,,,,,False,Active
gc-433332,Public Relations Student Society of America,PRSSA,433332,https://gatorconnect.ufl.edu/organization/prssa,Academic|Social|Professional,https://alphaprssa.org,https://gatorconnect.ufl.edu/organization/prssa,,ufprssa,https://www.instagram.com/ufprssa/,MEDIUM,official_website_or_linkhub_homepage,True,Active
gc-433141,QuantEd,,433141,https://gatorconnect.ufl.edu/organization/quanted,Academic|Engineering & Technology,https://quanteduf.com,https://gatorconnect.ufl.edu/organization/quanted,,,,,,False,Active
gc-433150,Queer Asian Pacific Islander Desi Disscussion Group,QAPID,433150,https://gatorconnect.ufl.edu/organization/qapid,Cultural,,https://gatorconnect.ufl.edu/organization/qapid,,,,,,False,Active
gc-432288,QueerCoded,BQT,432288,https://gatorconnect.ufl.edu/organization/bqt,Special Interest,,https://gatorconnect.ufl.edu/organization/bqt,,,,,,False,Active
gc-429916,Quiz Bowl,GatorQB,429916,https://gatorconnect.ufl.edu/organization/quizbowl,Academic|Special Interest,,https://gatorconnect.ufl.edu/organization/quizbowl,,,,,,False,Active
gc-432137,Real Estate Law Association,RELA,432137,https://gatorconnect.ufl.edu/organization/rela,Academic|Political|Professional,,https://gatorconnect.ufl.edu/organization/rela,,,,,,False,Active
gc-433148,Reconnect,,433148,https://gatorconnect.ufl.edu/organization/reconnect,Social,https://reconnectmovement.org,https://gatorconnect.ufl.edu/organization/reconnect,,,,,,False,Active
gc-431551,Red Cross Gator,RCG,431551,https://gatorconnect.ufl.edu/organization/redcrossgator,Academic|Service,,https://gatorconnect.ufl.edu/organization/redcrossgator,,,,,,False,Active
gc-431020,Redline352,,431020,https://gatorconnect.ufl.edu/organization/redline352,Social|Special Interest,,https://gatorconnect.ufl.edu/organization/redline352,,redline352.uf,https://www.instagram.com/redline352.uf/,HIGH,gatorconnect_explicit_link,False,Active
gc-429911,Reformed University Fellowship,RUF,429911,https://gatorconnect.ufl.edu/organization/ruf_at_uf,Athletic|Religious/Spiritual |Social,https://ruf.org/ministry/university-of-florida,https://gatorconnect.ufl.edu/organization/ruf_at_uf,,rufatuf,https://www.instagram.com/rufatuf/,HIGH,gatorconnect_explicit_link,False,Active
gc-431341,Reformed University Fellowship - International,RUF-I,431341,https://gatorconnect.ufl.edu/organization/ruf-international,Cultural|Religious/Spiritual |Social,https://ruf.org/ministry/university-of-florida-ruf-international,https://gatorconnect.ufl.edu/organization/ruf-international,,,,LOW,official_website_multiple_candidates,True,Active
gc-433543,RegeneGator,,433543,https://gatorconnect.ufl.edu/organization/regenegator,Academic|Social|Special Interest|Professional|Engineering & Technology,,https://regenerative.medicine.ufl.edu/education/regenegator-student-organization,,,,,,False,Active
gc-429945,Relay for Life,RFL,429945,https://gatorconnect.ufl.edu/organization/relayforlife,Service,https://sites.google.com/view/uf-relay-for-life/home?authuser=0,https://gatorconnect.ufl.edu/organization/relayforlife,,ufrelay,https://www.instagram.com/ufrelay/,MEDIUM,official_website_or_linkhub_homepage,False,Active
gc-431773,Rem on Campus,Rem,431773,https://gatorconnect.ufl.edu/organization/remoncampus,Academic|Service|Professional,https://remandcompany.com/remoncampus,https://gatorconnect.ufl.edu/organization/remoncampus,,remandcompany,https://www.instagram.com/remandcompany/,MEDIUM,official_website_or_linkhub_homepage,False,Active
gc-432195,Rotaract,,432195,https://gatorconnect.ufl.edu/organization/rotaract,Service|Social|Special Interest|Professional,,https://gatorconnect.ufl.edu/organization/rotaract,,,,,,False,Active
gc-431755,Russian Culture Club,RCC,431755,https://gatorconnect.ufl.edu/organization/rcc,Cultural|Social|Special Interest,,https://gatorconnect.ufl.edu/organization/rcc,,,,,,False,Active
gc-433361,Sabor Latino Dance Team,,433361,https://gatorconnect.ufl.edu/organization/saborlatinodanceteam,Athletic|Cultural|Social|Special Interest,,https://gatorconnect.ufl.edu/organization/saborlatinodanceteam,,,,,,False,Active
gc-433578,Salt Company International,SCI,433578,https://gatorconnect.ufl.edu/organization/saltcompanyinternational,Cultural|Religious/Spiritual ,,https://gatorconnect.ufl.edu/organization/saltcompanyinternational,,,,,,False,Active
gc-432934,School Psychology Graduate Student Association,SPGSA,432934,https://gatorconnect.ufl.edu/organization/spgsa,Academic|Professional,,https://gatorconnect.ufl.edu/organization/spgsa,,,,,,False,Active
gc-433648,SCOPE at the University of Florida,,433648,https://gatorconnect.ufl.edu/organization/scopeuf,Academic|Service|Professional|Engineering & Technology,,https://gatorconnect.ufl.edu/organization/scopeuf,,,,,,False,Active
gc-433568,Search Observe and Rescue Dynamics,SOAR Dynamics,433568,https://gatorconnect.ufl.edu/organization/soardynamics,Academic|Engineering & Technology,https://soardynamics.org,https://gatorconnect.ufl.edu/organization/soardynamics,,,,,,False,Active
gc-433577,Semiconductor Career Readiness Organization,SCRO,433577,https://gatorconnect.ufl.edu/organization/scrogator,Academic|Engineering & Technology,https://scrogator.com,https://gatorconnect.ufl.edu/organization/scrogator,,,,,,False,Active
gc-432904,"Serving Others, Uniting People",SOUP,432904,https://gatorconnect.ufl.edu/organization/soup,Cultural|Service|Social|Special Interest,,https://gatorconnect.ufl.edu/organization/soup,,,,,,False,Active
gc-429944,Shakespeare in the Park,SITP,429944,https://gatorconnect.ufl.edu/organization/shakespeareinthepark,Special Interest,https://ufshakespeare.wixsite.com/sitp,https://gatorconnect.ufl.edu/organization/shakespeareinthepark,,uf.shakespeare,https://www.instagram.com/uf.shakespeare/,HIGH,gatorconnect_explicit_link,False,Active
gc-433639,Shift Towards Hope Gainesville,STH at GNV,433639,https://gatorconnect.ufl.edu/organization/sthatgnv,Service|Special Interest,,https://gatorconnect.ufl.edu/organization/sthatgnv,,,,,,False,Active
gc-430199,Sigma Alpha,,430199,https://gatorconnect.ufl.edu/organization/sigmaalpha,Academic|Service|Social|Special Interest,https://sigmaalpha.org,https://gatorconnect.ufl.edu/organization/sigmaalpha,,sigmaalphasorority,https://www.instagram.com/sigmaalphasorority/,MEDIUM,official_website_or_linkhub_homepage,False,Active
gc-430276,SIGMA ALPHA EPSILON,,430276,https://gatorconnect.ufl.edu/organization/sigmaalphaepsilon,Social Sorority/Fraternity (RSO SSF),,https://gatorconnect.ufl.edu/organization/sigmaalphaepsilon,,,,,,False,Active
gc-430273,SIGMA ALPHA MU,,430273,https://gatorconnect.ufl.edu/organization/sigmaalphamu,Social Sorority/Fraternity (RSO SSF),,https://gatorconnect.ufl.edu/organization/sigmaalphamu,,ufsammy,https://www.instagram.com/ufsammy/,HIGH,gatorconnect_explicit_link,False,Active
gc-430286,SIGMA CHI,,430286,https://gatorconnect.ufl.edu/organization/sigmachi,Social Sorority/Fraternity (RSO SSF),https://sigmachiuf.com,https://gatorconnect.ufl.edu/organization/sigmachi,,ufsigmachi,https://www.instagram.com/ufsigmachi/,MEDIUM,official_website_or_linkhub_homepage,False,Active
gc-430289,SIGMA GAMMA RHO,,430289,https://gatorconnect.ufl.edu/organization/sigmagammarho,Social Sorority/Fraternity (RSO SSF),,https://gatorconnect.ufl.edu/organization/sigmagammarho,,ufsgrhos,https://www.instagram.com/ufsgrhos/,HIGH,gatorconnect_explicit_link,False,Active
gc-430305,SIGMA KAPPA,,430305,https://gatorconnect.ufl.edu/organization/sigmakappa,Social Sorority/Fraternity (RSO SSF),https://ufl.sigmakappa.org,https://gatorconnect.ufl.edu/organization/sigmakappa,,sigmakappauf,https://www.instagram.com/sigmakappauf/,HIGH,gatorconnect_explicit_link,False,Active
gc-430308,SIGMA LAMBDA BETA,"SLB, Betas, Stallions",430308,https://gatorconnect.ufl.edu/organization/sigmalambdabeta,Social Sorority/Fraternity (RSO SSF),,https://gatorconnect.ufl.edu/organization/sigmalambdabeta,,ufbetas,https://www.instagram.com/ufbetas/,HIGH,gatorconnect_explicit_link,False,Active
gc-433154,Sigma Lambda Chi,SLX,433154,https://gatorconnect.ufl.edu/organization/slx,Honor Societies,,https://gatorconnect.ufl.edu/organization/slx,,,,,,False,Active
gc-429922,Sigma Phi Lambda,,429922,https://gatorconnect.ufl.edu/organization/sigmaphilambda,Religious/Spiritual ,,https://gatorconnect.ufl.edu/organization/sigmaphilambda,,,,,,False,Active
gc-430306,SIGMA SIGMA RHO,,430306,https://gatorconnect.ufl.edu/organization/sigmasigmarho,Social Sorority/Fraternity (RSO SSF),,https://gatorconnect.ufl.edu/organization/sigmasigmarho,,,,,,False,Active
gc-432264,Signing Gator,,432264,https://gatorconnect.ufl.edu/organization/signinggator,Academic|Cultural|Social|Special Interest,,https://gatorconnect.ufl.edu/organization/signinggator,,,,,,False,Active
gc-431155,Sikh Students Association,,431155,https://gatorconnect.ufl.edu/organization/ssa_uf,Cultural|Religious/Spiritual |Service,,https://gatorconnect.ufl.edu/organization/ssa_uf,,ssa.uf,https://www.instagram.com/ssa.uf/,HIGH,gatorconnect_external_website_is_instagram,False,Active
gc-433658,Silicon Club,,433658,https://gatorconnect.ufl.edu/organization/silicon_club,Academic|Professional|Engineering & Technology,,https://gatorconnect.ufl.edu/organization/silicon_club,,,,,,False,Active
gc-431744,"SISTUHS, Incorporated",,431744,https://gatorconnect.ufl.edu/organization/sistuhs,Academic|Cultural|Service|Social|Professional,https://sistuhs.org,https://gatorconnect.ufl.edu/organization/sistuhs,,sistuhs_inc,https://www.instagram.com/sistuhs_inc/,MEDIUM,official_website_or_linkhub_homepage,False,Active
gc-431748,SKY,,431748,https://gatorconnect.ufl.edu/organization/skyufl,Service,https://skyufl.org,https://gatorconnect.ufl.edu/organization/skyufl,,skyufl,https://www.instagram.com/skyufl/,MEDIUM,official_website_or_linkhub_homepage,False,Active
gc-432992,Sleep in Heavenly Peace - Gainesville,SHP,432992,https://gatorconnect.ufl.edu/organization/shpgainesville,Service|Social,https://shpbeds.org/chapter/fl-gainesville,https://gatorconnect.ufl.edu/organization/shpgainesville,,shpbeds,https://www.instagram.com/shpbeds/,MEDIUM,official_website_or_linkhub_homepage,True,Active
gc-432647,Small Bites Nutrition,SBN,432647,https://gatorconnect.ufl.edu/organization/smallbitesnutrition,Service|Special Interest,https://smallbitesnutritio.wixsite.com/smallbitesnutrition,https://gatorconnect.ufl.edu/organization/smallbitesnutrition,,,,,,False,Active
gc-433528,Smiley Gator,,433528,https://gatorconnect.ufl.edu/organization/smileygator,Academic|Service|Special Interest|Professional,,https://gatorconnect.ufl.edu/organization/smileygator,,,,,,False,Active
gc-432477,Society for Advancement of Chicanos/Hispanics and Native Americans in Science (SACNAS) Florida Chapter,SACNAS,432477,https://gatorconnect.ufl.edu/organization/ufsacnas,Academic|Cultural|Service|Social|Special Interest|Professional,,https://gatorconnect.ufl.edu/organization/ufsacnas,,,,,,False,Active
gc-431271,Society for Conservation Biology Florida Chapter,SCB,431271,https://gatorconnect.ufl.edu/organization/scbfloridachapter,Academic|Service|Social|Special Interest|Professional,,https://gatorconnect.ufl.edu/organization/scbfloridachapter,,,,,,False,Active
gc-429948,Society for Viral Studies,SVS,429948,https://gatorconnect.ufl.edu/organization/virology,Academic|Service|Special Interest,https://virologyuf.weebly.com,https://gatorconnect.ufl.edu/organization/virology,,,,,,False,Active
gc-432160,Society of Asian Scientists and Engineers,SASE,432160,https://gatorconnect.ufl.edu/organization/ufsase,Academic|Athletic|Cultural|Service|Social|Professional|Engineering & Technology,https://ufsase.com,https://gatorconnect.ufl.edu/organization/ufsase,,ufsase,https://www.instagram.com/ufsase/,MEDIUM,official_website_or_linkhub_homepage,True,Active
gc-431996,Society of Automotive Engineers,SAE,431996,https://gatorconnect.ufl.edu/organization/societyofautomotiveengineers,Academic|Special Interest|Professional|Engineering & Technology,https://gatormotorsports.org,https://gatorconnect.ufl.edu/organization/societyofautomotiveengineers,,gator.motorsports,https://www.instagram.com/gator.motorsports/,MEDIUM,official_website_or_linkhub_homepage,True,Active
gc-432386,Society of Conservation Photography,SCP,432386,https://gatorconnect.ufl.edu/organization/scp,Cultural|Social|Special Interest,,https://gatorconnect.ufl.edu/organization/scp,https://linktr.ee/ufscp?utm_source=ig&utm_medium=social&utm_content=link_in_bio&fbclid=PAZXh0bgNhZW0CMTEAc3J0YwZhcHBfaWQMMjU2MjgxMDQwNTU4AAGnvciWhK_tv7fkxynHcYTwS_oMMd6YKty11sanab-be7ESF3IwJAvpDe_xGlY_aem_ipc1RIdHDQky9wzqCOZMhg,ufscp,https://www.instagram.com/ufscp/,HIGH,gatorconnect_explicit_link,False,Active
gc-433337,Society of Environmental Engineers,SEE,433337,https://gatorconnect.ufl.edu/organization/see,Social|Professional|Engineering & Technology,,https://gatorconnect.ufl.edu/organization/see,,,,,,False,Active
gc-431384,Society of Health and Medical Physics Students,SHMPS,431384,https://gatorconnect.ufl.edu/organization/shmps,Academic|Special Interest|Professional|Engineering & Technology,,https://gatorconnect.ufl.edu/organization/shmps,,,,,,False,Active
gc-431852,Society of Hispanic Professional Engineers,SHPE,431852,https://gatorconnect.ufl.edu/organization/shpeuf,Academic|Cultural|Service|Social|Special Interest|Virtual Offerings|Professional|Engineering & Technology,https://shpeuf.com,https://gatorconnect.ufl.edu/organization/shpeuf,,,,,,False,Active
gc-432267,Society of Physics Students,SPS,432267,https://gatorconnect.ufl.edu/organization/sps,Academic|Social|Professional,https://ufsps.neocities.org,https://gatorconnect.ufl.edu/organization/sps,,ufsps,https://www.instagram.com/ufsps/,MEDIUM,official_website_or_linkhub_homepage,True,Active
gc-432106,Society of Plastics Engineers,SPE,432106,https://gatorconnect.ufl.edu/organization/spe,Professional|Engineering & Technology,,https://gatorconnect.ufl.edu/organization/spe,,,,,,False,Active
gc-432503,Society of Sales Engineers,SSE,432503,https://gatorconnect.ufl.edu/organization/sse,Academic,,https://gatorconnect.ufl.edu/organization/sse,,,,,,False,Active
gc-432711,Society of Software Developers,,432711,https://gatorconnect.ufl.edu/organization/ssd,Academic|Social|Professional|Engineering & Technology,,https://gatorconnect.ufl.edu/organization/ssd,,,,,,False,Active
gc-429946,Society of Women Engineers,SWE,429946,https://gatorconnect.ufl.edu/organization/ufswe,Academic|Social,https://uf.swe.org,https://gatorconnect.ufl.edu/organization/ufswe,,,,LOW,official_website_multiple_candidates,True,Active
gc-432129,Society of Women in Physics,SWIP,432129,https://gatorconnect.ufl.edu/organization/swip,Academic|Social|Special Interest,,https://gatorconnect.ufl.edu/organization/swip,,,,,,False,Active
gc-432604,Society Of Young Behavior Analysts,SOYBA,432604,https://gatorconnect.ufl.edu/organization/societyofyoungbehavioranalysts,Academic|Special Interest|Virtual Offerings,,https://gatorconnect.ufl.edu/organization/societyofyoungbehavioranalysts,,,,,,False,Active
gc-433353,Software Engineering Club,SEC,433353,https://gatorconnect.ufl.edu/organization/ufsec,Academic|Professional|Engineering & Technology,https://ufsec.org,https://gatorconnect.ufl.edu/organization/ufsec,,,,,,False,Active
gc-433085,"Soil, Water, and Ecosystem Sciences Grad Student Association",SWES GSA,433085,https://gatorconnect.ufl.edu/organization/swesgsa,Academic|Service|Social|Special Interest|Virtual Offerings|Professional,,https://gatorconnect.ufl.edu/organization/swesgsa,,,,,,False,Active
gc-432202,Solar Gator,,432202,https://gatorconnect.ufl.edu/organization/solargator,Engineering & Technology,https://ufsolargators.org,https://gatorconnect.ufl.edu/organization/solargator,,,,,,False,Active
gc-432706,Solidarity Gainesville,SOL_GNV,432706,https://gatorconnect.ufl.edu/organization/solidarity_gainesville,Political|Social,,https://gatorconnect.ufl.edu/organization/solidarity_gainesville,,,,,,False,Active
gc-431618,SOLV,,431618,https://gatorconnect.ufl.edu/organization/solv,Academic|Virtual Offerings|Professional,,https://gatorconnect.ufl.edu/organization/solv,,,,,,False,Active
gc-432140,South Florida Graduate Student Organization,SoFlo GSO,432140,https://gatorconnect.ufl.edu/organization/soflogso,Academic|Social|Virtual Offerings,,https://gatorconnect.ufl.edu/organization/soflogso,,,,,,False,Active
gc-432122,SouthWest Immokalee GSO,SWFREC GSO,432122,https://gatorconnect.ufl.edu/organization/swfrecgso,Academic|Social|Special Interest|Professional,,https://gatorconnect.ufl.edu/organization/swfrecgso,,,,,,False,Active
gc-433538,Soy Based Ink Riso Club,SoyBasedRiso,433538,https://gatorconnect.ufl.edu/organization/soybasedriso,Social|Special Interest,https://soybasedweb.com/print-archive,https://gatorconnect.ufl.edu/organization/soybasedriso,,soybasedriso,https://www.instagram.com/soybasedriso/,MEDIUM,official_website_or_linkhub_homepage,False,Active
gc-431878,Space Systems Design Club,SSDC,431878,https://gatorconnect.ufl.edu/organization/ssdc,Academic|Social,,https://gatorconnect.ufl.edu/organization/ssdc,,,,,,False,Active
gc-432168,Sparks Magazine,,432168,https://gatorconnect.ufl.edu/organization/sparks-magazine,Cultural|Special Interest,https://issuu.com/sparksmagazine,https://gatorconnect.ufl.edu/organization/sparks-magazine,,,,LOW,official_website_multiple_candidates,True,Active
gc-429979,Special Olympics College @ UF,UFSO,429979,https://gatorconnect.ufl.edu/organization/ufso,Athletic|Service,https://sites.google.com/view/ufspecialolympics/home,https://gatorconnect.ufl.edu/organization/ufso,,ufspecialolympics,https://www.instagram.com/ufspecialolympics/,HIGH,gatorconnect_explicit_link,False,Active
gc-431795,Speech and Debate Society,Speech and Debate Team at UF,431795,https://gatorconnect.ufl.edu/organization/speech_and_debate_society,Academic|Political|Service|Social|Professional,,https://speech-debate.clas.ufl.edu,,,,,,False,Active
gc-432422,Spoon University,SpoonUF,432422,https://gatorconnect.ufl.edu/organization/spoonuniversityuf,Social|Special Interest,https://spoonuniversity.com/school/ufl,https://gatorconnect.ufl.edu/organization/spoonuniversityuf,,,,LOW,official_website_multiple_candidates,True,Active
gc-432873,Sports Analytics Club,,432873,https://gatorconnect.ufl.edu/organization/sportsanalyticsclub,Academic|Athletic,,https://gatorconnect.ufl.edu/organization/sportsanalyticsclub,,,,,,False,Active
gc-432965,Sri Lankan Graduate Student Association,SLGSA,432965,https://gatorconnect.ufl.edu/organization/slgsa,Cultural|Social,,https://gatorconnect.ufl.edu/organization/slgsa,,,,,,False,Active
gc-432404,Stand,,432404,https://gatorconnect.ufl.edu/organization/stand,Religious/Spiritual ,,https://gatorconnect.ufl.edu/organization/stand,,,,,,False,Active
gc-432474,Stomp the Swamp,STS,432474,https://gatorconnect.ufl.edu/organization/stomptheswamp,Athletic|Social|Special Interest,,https://gatorconnect.ufl.edu/organization/stomptheswamp,,,,,,False,Active
gc-432107,Structural Graduate Student Seminar,SGSS,432107,https://gatorconnect.ufl.edu/organization/sgss,Academic|Professional|Engineering & Technology,,https://gatorconnect.ufl.edu/organization/sgss,,,,,,False,Active
gc-433024,Strum Together,,433024,https://gatorconnect.ufl.edu/organization/strumtogether,Service|Social|Special Interest,,https://gatorconnect.ufl.edu/organization/strumtogether,,,,,,False,Active
gc-432216,Student Academy of Audiology,SAA,432216,https://gatorconnect.ufl.edu/organization/ufsaa,Academic|Service|Professional,,https://gatorconnect.ufl.edu/organization/ufsaa,,,,,,False,Active
gc-433229,Student Alliance Against Neurodegenerative Disease,SAAND,433229,https://gatorconnect.ufl.edu/organization/saand,Academic|Service|Social|Special Interest|Professional,,https://gatorconnect.ufl.edu/organization/saand,https://linktr.ee/ufsaand,,,,,False,Active
gc-432190,Student Association of Veterinary Oncology,SAVO,432190,https://gatorconnect.ufl.edu/organization/student-association-of-veterinary-oncology,Academic,,https://education.vetmed.ufl.edu/dvm-curriculum/student-clubs,,,,,,False,Active
gc-432517,Student Association of Veterinary Surgery,SAVS,432517,https://gatorconnect.ufl.edu/organization/savs,Academic|Professional,,https://gatorconnect.ufl.edu/organization/savs,,,,,,False,Active
gc-432953,Student Chapter of the American Chemical Society,Chem Club,432953,https://gatorconnect.ufl.edu/organization/ufchemclub,Academic|Service,,https://saacs.chem.ufl.edu,,,,,,False,Active
gc-432257,Student Chapter of the American Institute of Chemical Engineers,AIChE,432257,https://gatorconnect.ufl.edu/organization/ufaiche,Academic|Professional|Engineering & Technology,,https://che.ufl.edu/aiche,,,,,,False,Active
gc-433082,Student chapter of the National Association for Black Veterinarians,SNABV,433082,https://gatorconnect.ufl.edu/organization/snabv,Academic|Social|Professional,,https://gatorconnect.ufl.edu/organization/snabv,,,,,,False,Active
gc-432924,Student Chapter of the North American Veterinary Anesthesia Society,SCNAVAS,432924,https://gatorconnect.ufl.edu/organization/scnavas,Academic|Special Interest|Professional,https://student-chapter-of-the-north-american-veterinary-anesthesia-so.square.site,https://gatorconnect.ufl.edu/organization/scnavas,,,,,,False,Active
gc-431258,Student Chapter of the Wildlife Society,UF Wildlife Society,431258,https://gatorconnect.ufl.edu/organization/uftws,Academic|Social|Special Interest,https://ufwildlifesociety.com,https://gatorconnect.ufl.edu/organization/uftws,,ufwildlifesociety,https://www.instagram.com/ufwildlifesociety/,MEDIUM,official_website_or_linkhub_homepage,False,Active
gc-432162,Student College Council - Jacksonville,,432162,https://gatorconnect.ufl.edu/organization/sccj,Professional,,https://gatorconnect.ufl.edu/organization/sccj,,,,,,False,Active
gc-431595,Student Honors Organization,SHO,431595,https://gatorconnect.ufl.edu/organization/sho,Academic|Social,,https://gatorconnect.ufl.edu/organization/sho,,,,,,False,Active
gc-432294,Student Infosec Team,UFSIT,432294,https://gatorconnect.ufl.edu/organization/ufsit,Academic|Professional|Engineering & Technology,https://ufsit.club,https://gatorconnect.ufl.edu/organization/ufsit,,uf.sit,https://www.instagram.com/uf.sit/,MEDIUM,official_website_or_linkhub_homepage,True,Active
gc-432982,Student Investment Club,SIC,432982,https://gatorconnect.ufl.edu/organization/student_investment_club,Academic|Special Interest|Professional,,https://gatorconnect.ufl.edu/organization/student_investment_club,,,,,,False,Active
gc-433628,Student Leadership Advancement Body,SLAB,433628,https://gatorconnect.ufl.edu/organization/see_below,Service|Special Interest|Professional|Engineering & Technology,,https://eng.ufl.edu/leadership/students/engineering-student-leadership-advisory-board,,,,,,False,Active
gc-431991,Student National Pharmaceutical Association,SNPhA,431991,https://gatorconnect.ufl.edu/organization/snpha,Academic|Cultural|Political|Service|Professional,,https://gatorconnect.ufl.edu/organization/snpha,,,,,,False,Active
gc-433204,Student National Pharmaceutical Association - Orlando,SNPhA - ORL,433204,https://gatorconnect.ufl.edu/organization/snpha-orl,Academic|Service|Professional,https://nationalpharmaceuticalassociation.org/SNPhA-About,https://gatorconnect.ufl.edu/organization/snpha-orl,,snpha,https://www.instagram.com/snpha/,MEDIUM,official_website_or_linkhub_homepage,True,Active
gc-433307,Student National Pharmacist Association Jacksonville,SNPhA Jacksonville,433307,https://gatorconnect.ufl.edu/organization/snphajax,Academic|Cultural|Service|Professional,,https://gatorconnect.ufl.edu/organization/snphajax,,,,,,False,Active
gc-433245,Student Occupational Therapy Association,SOTA,433245,https://gatorconnect.ufl.edu/organization/sota,Academic|Professional,,https://phhp.ufl.edu/student-resources/clubs-and-organizations/student-occupational-therapy-association,,,,,,False,Active
gc-433070,Student Pharmacist Infectious Disease Association,SPIDA,433070,https://gatorconnect.ufl.edu/organization/spida,Academic|Special Interest|Professional,,https://gatorconnect.ufl.edu/organization/spida,,,,,,False,Active
gc-432167,Student Planning Association,SPA,432167,https://gatorconnect.ufl.edu/organization/uf-spa,Academic|Social|Professional,,https://gatorconnect.ufl.edu/organization/uf-spa,,,,,,False,Active
gc-431699,Student Society of Health-System Pharmacists - Orlando,SSHP,431699,https://gatorconnect.ufl.edu/organization/sshpufcoporl,Academic|Special Interest|Professional,https://sshpuforlando.weebly.com,https://gatorconnect.ufl.edu/organization/sshpufcoporl,,sshpuforlando,https://www.instagram.com/sshpuforlando/,MEDIUM,official_website_or_linkhub_homepage,False,Active
gc-433001,Student-led Academic Peer Study Program,SLAPS,433001,https://gatorconnect.ufl.edu/organization/slaps,Academic|Service|Social|Professional,https://sites.google.com/ufl.edu/slaps/home,https://gatorconnect.ufl.edu/organization/slaps,,,,,,False,Active
gc-431707,Students 4 Project Downtown,Students 4 PD,431707,https://gatorconnect.ufl.edu/organization/students4pd,Service,,https://gatorconnect.ufl.edu/organization/students4pd,,,,,,False,Active
gc-433124,Students Against Cancer,SAC,433124,https://gatorconnect.ufl.edu/organization/studentsagainstcancer,Service,,https://gatorconnect.ufl.edu/organization/studentsagainstcancer,,,,,,False,Active
gc-433203,Students Against Infection,SAI,433203,https://gatorconnect.ufl.edu/organization/studentsagainstinfection,Service|Professional,,https://gatorconnect.ufl.edu/organization/studentsagainstinfection,,,,,,False,Active
gc-433613,Students Demand Action,SDA,433613,https://gatorconnect.ufl.edu/organization/ufsda,Political,,https://gatorconnect.ufl.edu/organization/ufsda,,,,,,False,Active
gc-431845,Students Eat Right,,431845,https://gatorconnect.ufl.edu/organization/studentseatright,Academic|Service|Special Interest|Professional,,https://gatorconnect.ufl.edu/organization/studentseatright,,,,,,False,Active
gc-431548,Students for a National Health Program,SNaHP,431548,https://gatorconnect.ufl.edu/organization/snahp,Academic|Political|Special Interest|Professional,,https://gatorconnect.ufl.edu/organization/snahp,,,,,,False,Active
gc-433581,Students for Justice in Palestine,SJP,433581,https://gatorconnect.ufl.edu/organization/sjp,Cultural|Political|Social|Special Interest,,https://gatorconnect.ufl.edu/organization/sjp,,,,,,False,Active
gc-433097,Students for Kahf,KAHF,433097,https://gatorconnect.ufl.edu/organization/kahf,Service,,https://gatorconnect.ufl.edu/organization/kahf,,,,,,False,Active
gc-432101,Students for Life,SFL,432101,https://gatorconnect.ufl.edu/organization/studentsforlife,Political|Service|Special Interest,https://studentsforlife.org,https://gatorconnect.ufl.edu/organization/studentsforlife,,uf.students.for.life,https://www.instagram.com/uf.students.for.life/,HIGH,gatorconnect_explicit_link,False,Active
gc-431340,Students for Salt,Salt Co.,431340,https://gatorconnect.ufl.edu/organization/studentsforsalt,Religious/Spiritual |Social,https://saltchurchgnv.com,https://gatorconnect.ufl.edu/organization/studentsforsalt,,saltcompanygnv,https://www.instagram.com/saltcompanygnv/,HIGH,gatorconnect_explicit_link,False,Active
gc-433037,Students for Seniors,,433037,https://gatorconnect.ufl.edu/organization/studentsforseniors,Service,,https://gatorconnect.ufl.edu/organization/studentsforseniors,,,,,,False,Active
gc-433083,Students for Socialism,,433083,https://gatorconnect.ufl.edu/organization/sfs,Cultural|Political|Service|Social|Special Interest|Professional,,https://gatorconnect.ufl.edu/organization/sfs,,,,,,False,Active
gc-432214,Students Oral History Club,SOHC,432214,https://gatorconnect.ufl.edu/organization/sohc,Academic|Social|Special Interest|Professional,,https://oral.history.ufl.edu/join-the-students-oral-history-club,,sohc.uf,https://www.instagram.com/sohc.uf/,HIGH,gatorconnect_explicit_link,False,Active
gc-431022,Students Providing Art & Recovery Kits,SPARK,431022,https://gatorconnect.ufl.edu/organization/spark,Service,,https://gatorconnect.ufl.edu/organization/spark,,,,,,False,Active
gc-433091,Students Suppoting Israel,SSI,433091,https://gatorconnect.ufl.edu/organization/ssi,Cultural|Social,https://ssimovement.org,https://gatorconnect.ufl.edu/organization/ssi,,SSI_Movement,https://www.instagram.com/SSI_Movement/,MEDIUM,official_website_or_linkhub_homepage,True,Active
gc-432312,Study Abroad Peer Advisors,SAPA,432312,https://gatorconnect.ufl.edu/organization/sapa,Academic|Cultural|Professional,,https://gatorconnect.ufl.edu/organization/sapa,,,,,,False,Active
gc-433401,Study Central,SC,433401,https://gatorconnect.ufl.edu/organization/studycentral,Academic|Social,,https://gatorconnect.ufl.edu/organization/studycentral,,,,,,False,Active
gc-433592,Sunrise Movement Gainesville,sunrisemvmtgnv,433592,https://gatorconnect.ufl.edu/organization/sunrisemvmtgnv,Cultural|Political|Service|Social|Special Interest,https://hubs.sunrisemovement.org/sunrisemvmtgnv,https://gatorconnect.ufl.edu/organization/sunrisemvmtgnv,,sunrisemvmtgnv,https://www.instagram.com/sunrisemvmtgnv/,MEDIUM,official_website_or_linkhub_homepage,False,Active
gc-433546,Surf Club,,433546,https://gatorconnect.ufl.edu/organization/surf,Athletic|Cultural|Service|Social|Special Interest,,https://gatorconnect.ufl.edu/organization/surf,,,,,,False,Active
gc-431132,Surfers For Autism,SFA,431132,https://gatorconnect.ufl.edu/organization/surfersforautism,Athletic|Service|Social|Special Interest,,https://gatorconnect.ufl.edu/organization/surfersforautism,,sfa_gainesville,https://www.instagram.com/sfa_gainesville/,HIGH,gatorconnect_explicit_link,False,Active
gc-432153,Surfrider Foundation at The University of Florida,Surfrider Foundation at UF,432153,https://gatorconnect.ufl.edu/organization/surfriderfoundationatuf,Service|Social|Special Interest,https://surfrider.org,https://gatorconnect.ufl.edu/organization/surfriderfoundationatuf,,Surfrider,https://www.instagram.com/Surfrider/,MEDIUM,official_website_or_linkhub_homepage,False,Active
gc-430536,Surge Interest Group,,430536,https://gatorconnect.ufl.edu/organization/surgeinterestgroup,Academic|Cultural|Social,,https://gatorconnect.ufl.edu/organization/surgeinterestgroup,https://linktr.ee/gvsurge,gvsurge,https://www.instagram.com/gvsurge/,HIGH,gatorconnect_explicit_link,False,Active
gc-432192,Surgical Healthcare Society,SHS,432192,https://gatorconnect.ufl.edu/organization/surgicalhealthcaresociety,Academic|Service|Social|Special Interest|Professional,,https://gatorconnect.ufl.edu/organization/surgicalhealthcaresociety,,surgicalhealthcaresociety,https://www.instagram.com/surgicalhealthcaresociety/,HIGH,gatorconnect_explicit_link,False,Active
gc-430542,"Surrounded By Stories, Inc.",SBS,430542,https://gatorconnect.ufl.edu/organization/surroundedbystories,Service|Social,,https://gatorconnect.ufl.edu/organization/surroundedbystories,,uf_sbs,https://www.instagram.com/uf_sbs/,HIGH,gatorconnect_explicit_link,False,Active
gc-431553,Survivor Florida,,431553,https://gatorconnect.ufl.edu/organization/survivorflorida,Social|Special Interest,https://survivor-florida.fandom.com/wiki/Survivor_Florida_Wiki,https://gatorconnect.ufl.edu/organization/survivorflorida,,,,,,False,Active
gc-433095,Sustainable Ocean Alliance,SOA,433095,https://gatorconnect.ufl.edu/organization/soa,Service|Special Interest|Professional,,https://gatorconnect.ufl.edu/organization/soa,,,,,,False,Active
gc-432792,Swamp After Hours,SAH,432792,https://gatorconnect.ufl.edu/organization/swampafterhours,Special Interest,,https://gatorconnect.ufl.edu/organization/swampafterhours,,,,,,False,Active
gc-432332,Swamp Launch Rocket Team,,432332,https://gatorconnect.ufl.edu/organization/swamplaunchrocketteam,Academic|Engineering & Technology,https://swamplaunch.org,https://gatorconnect.ufl.edu/organization/swamplaunchrocketteam,,swamplaunch,https://www.instagram.com/swamplaunch/,MEDIUM,official_website_or_linkhub_homepage,False,Active
gc-431516,Swamp Records,,431516,https://gatorconnect.ufl.edu/organization/swamprecords,Service|Social|Special Interest|Professional,https://swamprecords.org,https://gatorconnect.ufl.edu/organization/swamprecords,,swamprecordsuf,https://www.instagram.com/swamprecordsuf/,HIGH,gatorconnect_explicit_link,False,Active
gc-433296,SwampCon the Club,SWC,433296,https://gatorconnect.ufl.edu/organization/swampcon,Social|Special Interest,https://swampcon.org,https://gatorconnect.ufl.edu/organization/swampcon,,swampcon,https://www.instagram.com/swampcon/,MEDIUM,official_website_or_linkhub_homepage,False,Active
gc-432291,SwampHacks,,432291,https://gatorconnect.ufl.edu/organization/swamphacks,Social|Professional|Engineering & Technology,https://swamphacks.com,https://gatorconnect.ufl.edu/organization/swamphacks,,,,,,False,Active
gc-433387,Sweets4Hope,S4H,433387,https://gatorconnect.ufl.edu/organization/sweets4hope,Service|Social|Special Interest,,https://gatorconnect.ufl.edu/organization/sweets4hope,https://linktr.ee/Sweets4Hope?utm_source=ig&utm_medium=social&utm_content=link_in_bio&fbclid=PAZXh0bgNhZW0CMTEAc3J0YwZhcHBfaWQPOTM2NjE5NzQzMzkyNDU5AAGnOlL3szfyB4LGj4m-zmGT9N2JDWbOnD1OQ7SyrOiILBaeMT_O7DlYNlqz06o_aem_QRwLEeHvLJbpswta1DqZUA,,,,,False,Active
gc-432157,Taiwanese Student Association,TWSA,432157,https://gatorconnect.ufl.edu/organization/uflorida_twsa,Cultural|Social,,https://gatorconnect.ufl.edu/organization/uflorida_twsa,,,,,,False,Active
gc-432853,TAMID at Florida,,432853,https://gatorconnect.ufl.edu/organization/tamidatflorida,Academic|Cultural|Social|Professional|Engineering & Technology,https://tamidgroup.org/about-tamid,https://gatorconnect.ufl.edu/organization/tamidatflorida,,tamidgroup,https://www.instagram.com/tamidgroup/,MEDIUM,official_website_or_linkhub_homepage,False,Active
gc-432114,Tau Beta Pi,TBP,432114,https://gatorconnect.ufl.edu/organization/tau-beta-pi,Academic|Honor Societies|Service|Social|Professional|Engineering & Technology,https://uftbp.com,https://gatorconnect.ufl.edu/organization/tau-beta-pi,,tbpfla,https://www.instagram.com/tbpfla/,MEDIUM,official_website_or_linkhub_homepage,True,Active
gc-430307,TAU EPSILON PHI,,430307,https://gatorconnect.ufl.edu/organization/tauepsilonphi,Social Sorority/Fraternity (RSO SSF),,https://gatorconnect.ufl.edu/organization/tauepsilonphi,,,,,,False,Active
gc-430272,TAU KAPPA EPSILON,,430272,https://gatorconnect.ufl.edu/organization/taukappaepsilon,Social Sorority/Fraternity (RSO SSF),,https://gatorconnect.ufl.edu/organization/taukappaepsilon,,tkeuf,https://www.instagram.com/tkeuf/,HIGH,gatorconnect_explicit_link,False,Active
gc-432876,Tau Sigma Honor Society,Tau Sigma,432876,https://gatorconnect.ufl.edu/organization/tausigma,Academic|Honor Societies|Service|Social,https://tausigmanhs.org,https://gatorconnect.ufl.edu/organization/tausigma,,tausigmanationalhonor,https://www.instagram.com/tausigmanationalhonor/,MEDIUM,official_website_or_linkhub_homepage,False,Active
gc-431361,Tea Club,,431361,https://gatorconnect.ufl.edu/organization/teaclub,Cultural|Special Interest,,https://gatorconnect.ufl.edu/organization/teaclub,,,,,,False,Active
gc-433140,Tea Literary & Arts Magazine,Tealitmag,433140,https://gatorconnect.ufl.edu/organization/tealitmagazine,Cultural|Social|Special Interest,https://tealitmagazine.com,https://gatorconnect.ufl.edu/organization/tealitmagazine,,tealitmag,https://www.instagram.com/tealitmag/,MEDIUM,official_website_or_linkhub_homepage,False,Active
gc-431881,The AI Strategy & Business Society at the University of Florida,AISBS,431881,https://gatorconnect.ufl.edu/organization/aisbs,Academic|Professional,,https://gatorconnect.ufl.edu/organization/aisbs,,,,,,False,Active
gc-431869,The Amazing Race: Florida,,431869,https://gatorconnect.ufl.edu/organization/amazingraceflorida,Social|Special Interest,,https://gatorconnect.ufl.edu/organization/amazingraceflorida,,,,,,False,Active
gc-433041,"The Association Of Black Psychologists, Gator Chapter",UFABPsi,433041,https://gatorconnect.ufl.edu/organization/ufabpsi,Academic|Cultural|Political|Service|Social|Special Interest|Professional,,https://gatorconnect.ufl.edu/organization/ufabpsi,,,,,,False,Active
gc-432885,The Belly Gator,,432885,https://gatorconnect.ufl.edu/organization/bellygators,Athletic|Cultural,,https://gatorconnect.ufl.edu/organization/bellygators,,,,,,False,Active
gc-431591,The Bilingual Brain,,431591,https://gatorconnect.ufl.edu/organization/thebilingualbrain,Academic|Cultural|Service|Social|Special Interest,,https://gatorconnect.ufl.edu/organization/thebilingualbrain,,,,,,False,Active
gc-433294,The Billy Mitchell Drill Team,BMDT,433294,https://gatorconnect.ufl.edu/organization/bmdtuf,Athletic|Service|Social|Special Interest,https://facebook.com/bmdtuf,https://gatorconnect.ufl.edu/organization/bmdtuf,,,,,,False,Active
gc-432197,The Capoeira Club,,432197,https://gatorconnect.ufl.edu/organization/capoeiraartesdasgeraisgainesville,Athletic|Cultural|Social,,https://gatorconnect.ufl.edu/organization/capoeiraartesdasgeraisgainesville,,,,,,False,Active
gc-431622,The Caribbean Fashion Talent Show,FTS,431622,https://gatorconnect.ufl.edu/organization/thecaribbeanfashiontalentshow,Academic|Cultural|Social|Special Interest,,https://gatorconnect.ufl.edu/organization/thecaribbeanfashiontalentshow,,,,,,False,Active
gc-432199,The Cosplay Club,Cosplay Club,432199,https://gatorconnect.ufl.edu/organization/thecosplayclub,Social|Special Interest,,https://gatorconnect.ufl.edu/organization/thecosplayclub,https://linktr.ee/gator.cosplay?utm_source=linktree_admin_share,,,,,False,Active
gc-433485,The Diabetes Link at UF,TDL at UF,433485,https://gatorconnect.ufl.edu/organization/diabeteslinkuf,Academic|Cultural|Service|Social|Special Interest,https://thediabeteslink.org,https://gatorconnect.ufl.edu/organization/diabeteslinkuf,,thediabeteslink,https://www.instagram.com/thediabeteslink/,MEDIUM,official_website_or_linkhub_homepage,False,Active
gc-432914,The Empowerment Collective,TEC,432914,https://gatorconnect.ufl.edu/organization/empowerment-collective,Cultural|Service|Social|Special Interest|Professional,,https://gatorconnect.ufl.edu/organization/empowerment-collective,,,,,,False,Active
gc-433032,The English Society,TES,433032,https://gatorconnect.ufl.edu/organization/theenglishsociety,Academic|Social|Professional,https://englishsocietyuf.wixsite.com/site,https://gatorconnect.ufl.edu/organization/theenglishsociety,,englishsocietyuf,https://www.instagram.com/englishsocietyuf/,HIGH,gatorconnect_explicit_link,False,Active
gc-433554,The Federalist Society for Law and Public Policy Studies,FedSoc,433554,https://gatorconnect.ufl.edu/organization/uf-fedsoc,Academic|Professional,https://fedsoc.org/chapters/FL/florida-student-chapter,https://gatorconnect.ufl.edu/organization/uf-fedsoc,,,,,,False,Active
gc-432424,The First Generation Professionals Society,FGPS,432424,https://gatorconnect.ufl.edu/organization/fgps,Academic|Professional,,https://gatorconnect.ufl.edu/organization/fgps,,,,,,False,Active
gc-431668,The Florida Chapter of Alpha Zeta,AZ,431668,https://gatorconnect.ufl.edu/organization/alphazeta,Academic|Honor Societies|Professional,,https://cals.ufl.edu/involvement/clubs-organizations/alpha-zeta,,,,,,False,Active
gc-432990,The Fossil Record,TFR,432990,https://gatorconnect.ufl.edu/organization/thefossilrecord,Academic|Special Interest,,https://gatorconnect.ufl.edu/organization/thefossilrecord,,,,,,False,Active
gc-433579,The Gator Chapter of the National Association for the Advancement of Colored People,The Gator Chapter of the NAACP,433579,https://gatorconnect.ufl.edu/organization/naacpatuf,Cultural|Political|Service,,https://gatorconnect.ufl.edu/organization/naacpatuf,,,,,,False,Active
gc-431758,The Gator Giving Initiative,TGGI,431758,https://gatorconnect.ufl.edu/organization/thegatorgivinginitiative_uf,Academic|Service,,https://gatorconnect.ufl.edu/organization/thegatorgivinginitiative_uf,https://linktr.ee/thegatorgivinginitiativeuf,,,,,False,Active
gc-431789,The Graduate Student Philosophy Society,GSPS,431789,https://gatorconnect.ufl.edu/organization/gsps,Academic,,https://gatorconnect.ufl.edu/organization/gsps,,,,,,False,Active
gc-433127,The Hedging & Trading Collective,HTC,433127,https://gatorconnect.ufl.edu/organization/hedging-trading-collective,Academic|Social|Special Interest|Professional,,https://gatorconnect.ufl.edu/organization/hedging-trading-collective,,,,,,False,Active
gc-433102,The Honey Bee Club,,433102,https://gatorconnect.ufl.edu/organization/honeybeeclub,Special Interest,,https://gatorconnect.ufl.edu/organization/honeybeeclub,,ufhoneybeeclub,https://www.instagram.com/ufhoneybeeclub/,HIGH,gatorconnect_explicit_link,False,Active
gc-431850,The Illusions Dance Troupe,,431850,https://gatorconnect.ufl.edu/organization/theillusionsdancetroupe,Athletic|Cultural|Social,,https://gatorconnect.ufl.edu/organization/theillusionsdancetroupe,,,,,,False,Active
gc-432426,The Mental Wellness Society,,432426,https://gatorconnect.ufl.edu/organization/thementalwellnesssociety,Social,,https://gatorconnect.ufl.edu/organization/thementalwellnesssociety,,,,,,False,Active
gc-431851,The Miss Caribbean Pageant,,431851,https://gatorconnect.ufl.edu/organization/themr_misscaribbeanpageant,Academic|Cultural|Service|Social|Special Interest,,https://gatorconnect.ufl.edu/organization/themr_misscaribbeanpageant,,,,,,False,Active
gc-432569,The Mount Retreat,,432569,https://gatorconnect.ufl.edu/organization/themountretreat,Religious/Spiritual ,,https://gatorconnect.ufl.edu/organization/themountretreat,,,,,,False,Active
gc-433040,The Movie Enjoyers Club,,433040,https://gatorconnect.ufl.edu/organization/themovieenjoyersclub,Special Interest,,https://gatorconnect.ufl.edu/organization/themovieenjoyersclub,,,,,,False,Active
gc-431077,The National Society of Black Women in Medicine,NSBWM,431077,https://gatorconnect.ufl.edu/organization/nsbwm,Service|Social|Professional,,https://gatorconnect.ufl.edu/organization/nsbwm,,,,,,False,Active
gc-433375,The National Society of Leadership and Success,NSLS,433375,https://gatorconnect.ufl.edu/organization/nsls,Academic|Honor Societies|Virtual Offerings|Professional,,https://gatorconnect.ufl.edu/organization/nsls,,,,,,False,Active
gc-431015,The Navigators,Navs,431015,https://gatorconnect.ufl.edu/organization/thenavigators,Religious/Spiritual ,,https://gatorconnect.ufl.edu/organization/thenavigators,,ufnavs,https://www.instagram.com/ufnavs/,HIGH,gatorconnect_explicit_link,False,Active
gc-431794,The Neurodiversity Alliance,ND Alliance,431794,https://gatorconnect.ufl.edu/organization/neurodiversityalliance,Cultural|Social|Special Interest|Virtual Offerings,,https://gatorconnect.ufl.edu/organization/neurodiversityalliance,https://linktr.ee/ufneurodiversityalliance,thendalliance_uf,https://www.instagram.com/thendalliance_uf/,HIGH,gatorconnect_explicit_link,False,Active
gc-431678,The Neuroscience Club,The Neuro Club,431678,https://gatorconnect.ufl.edu/organization/theneuroscienceclub,Academic|Special Interest|Professional,https://ufneuroscienceclub.godaddysites.com,https://gatorconnect.ufl.edu/organization/theneuroscienceclub,,ufneuroclub,https://www.instagram.com/ufneuroclub/,MEDIUM,official_website_or_linkhub_homepage,True,Active
gc-433547,The Retail Society,,433547,https://gatorconnect.ufl.edu/organization/retailsociety,Academic|Social|Special Interest|Professional,,https://warrington.ufl.edu/current-students/undergraduate/retail-society,,,,,,False,Active
gc-430024,The Sedoctaves,,430024,https://gatorconnect.ufl.edu/organization/thesedoctaves,Special Interest,https://thesedoctaves.com,https://gatorconnect.ufl.edu/organization/thesedoctaves,,thesedoctaves,https://www.instagram.com/thesedoctaves/,MEDIUM,official_website_or_linkhub_homepage,False,Active
gc-431926,The SHIELD Project,SHIELD,431926,https://gatorconnect.ufl.edu/organization/theshieldproject,Service|Social|Professional,,https://gatorconnect.ufl.edu/organization/theshieldproject,,,,,,False,Active
gc-433107,The Society for the Commissioning and Realization of Equitable and Accessible Music,SCREAM Music,433107,https://gatorconnect.ufl.edu/organization/scream_music,New Organizations,,https://gatorconnect.ufl.edu/organization/scream_music,,,,,,False,Active
gc-431848,The Society of PC Building,SPCB,431848,https://gatorconnect.ufl.edu/organization/spcb,Social|Special Interest|Virtual Offerings|Professional|Engineering & Technology,https://spcbatuf.org,https://gatorconnect.ufl.edu/organization/spcb,,,,,,False,Active
gc-433377,The Student Society for Musicology,SSM,433377,https://gatorconnect.ufl.edu/organization/studentsocietymusicology,Academic|Cultural|Professional,,https://gatorconnect.ufl.edu/organization/studentsocietymusicology,,,,,,False,Active
gc-432181,The Surprise Guys,,432181,https://gatorconnect.ufl.edu/organization/thesurpriseguys,Service|Social,,https://gatorconnect.ufl.edu/organization/thesurpriseguys,,,,,,False,Active
gc-433089,The Taylor Swift Society,,433089,https://gatorconnect.ufl.edu/organization/thetaylorswiftsociety,Special Interest,,https://gatorconnect.ufl.edu/organization/thetaylorswiftsociety,,,,,,False,Active
gc-433146,The Thomistic Institute,The TI,433146,https://gatorconnect.ufl.edu/organization/thomisticinstitute,Academic|Cultural|Religious/Spiritual |Social|Special Interest,https://thomisticinstitute.org,https://gatorconnect.ufl.edu/organization/thomisticinstitute,,thomisticinstitute,https://www.instagram.com/thomisticinstitute/,MEDIUM,official_website_or_linkhub_homepage,False,Active
gc-432018,The Vegetarian and Vegan Society,VVS,432018,https://gatorconnect.ufl.edu/organization/vegetarianandvegansociety,Cultural|Political|Social|Special Interest,,https://gatorconnect.ufl.edu/organization/vegetarianandvegansociety,,,,,,False,Active
gc-431222,The VERB Kind at UF,TVK at UF,431222,https://gatorconnect.ufl.edu/organization/tvkatuf,Academic|Service|Special Interest,https://theverbkind.com,https://gatorconnect.ufl.edu/organization/tvkatuf,,,,,,False,Active
gc-431797,The Well,,431797,https://gatorconnect.ufl.edu/organization/thewellcampusministry,Religious/Spiritual ,https://thepentecostalsgnv.com/campus,https://gatorconnect.ufl.edu/organization/thewellcampusministry,,,,LOW,official_website_multiple_candidates,True,Active
gc-432518,The Women's Network,TWN,432518,https://gatorconnect.ufl.edu/organization/thewomensnetwork,Academic|Social|Special Interest|Professional,https://thewomens.network,https://gatorconnect.ufl.edu/organization/thewomensnetwork,,,,LOW,official_website_multiple_candidates,True,Active
gc-433617,The Youth Movement Against Alzheimer's,YMAA,433617,https://gatorconnect.ufl.edu/organization/wearehfcorgymaa,Academic|Service|Special Interest,,https://gatorconnect.ufl.edu/organization/wearehfcorgymaa,,,,,,False,Active
gc-431578,Theta Alpha Christian Sorority,Theta Alpha,431578,https://gatorconnect.ufl.edu/organization/thetaalphachristiansorority,Religious/Spiritual |Service|Social,https://thetaalpha.org,https://gatorconnect.ufl.edu/organization/thetaalphachristiansorority,,,,,,False,Active
gc-430284,THETA CHI,,430284,https://gatorconnect.ufl.edu/organization/theta-chi,Social Sorority/Fraternity (RSO SSF),,https://gatorconnect.ufl.edu/organization/theta-chi,,thetachiflorida,https://www.instagram.com/thetachiflorida/,HIGH,gatorconnect_explicit_link,False,Active
gc-430291,THETA NU XI,,430291,https://gatorconnect.ufl.edu/organization/thetanuxi,Social Sorority/Fraternity (RSO SSF),https://sites.google.com/view/ufthetanuxi/home,https://gatorconnect.ufl.edu/organization/thetanuxi,,ufthetanuxi,https://www.instagram.com/ufthetanuxi/,HIGH,gatorconnect_explicit_link,False,Active
gc-432601,Theta Tau Professional Engineering Fraternity,Theta Tau,432601,https://gatorconnect.ufl.edu/organization/thetatau,Service|Social|Professional|Engineering & Technology,,https://gatorconnect.ufl.edu/organization/thetatau,,,,,,False,Active
gc-432163,The Entomology and Nematology Student Organization,ENSO,432163,https://gatorconnect.ufl.edu/organization/enso,Academic|Social|Special Interest|Professional,,https://entnemdept.ufl.edu/enso,,,,,,False,Active
gc-433006,Thrift Club,,433006,https://gatorconnect.ufl.edu/organization/thriftclub,Social|Special Interest,https://ufthriftclub.wixsite.com/thriftclubuf,https://gatorconnect.ufl.edu/organization/thriftclub,,thriftclubuf,https://www.instagram.com/thriftclubuf/,HIGH,gatorconnect_explicit_link,False,Active
gc-431511,Tone Def A Cappella,,431511,https://gatorconnect.ufl.edu/organization/tonedef,Service|Social|Special Interest,,https://gatorconnect.ufl.edu/organization/tonedef,,,,,,False,Active
gc-432215,Tower Yearbook,,432215,https://gatorconnect.ufl.edu/organization/uftoweryearbook,Academic|Social|Special Interest,https://uftoweryearbook.wixsite.com/uf-yearbook,https://gatorconnect.ufl.edu/organization/uftoweryearbook,,,,,,False,Active
gc-433205,Trading Card Gator,TCGator,433205,https://gatorconnect.ufl.edu/organization/tcgator,Social|Special Interest,,https://gatorconnect.ufl.edu/organization/tcgator,,,,,,False,Active
gc-431265,Trail Gaiters,,431265,https://gatorconnect.ufl.edu/organization/trailgaiters,Social|Special Interest,,https://gatorconnect.ufl.edu/organization/trailgaiters,,,,,,False,Active
gc-430749,Travel Grants Committee,Travel Grants,430749,https://gatorconnect.ufl.edu/organization/travelgrants,Student Government Affiliate Groups,,https://sg.ufl.edu/resources/gsc,,,,,,False,Active
gc-433531,Treasure Coast Graduate Student Organization,TCGSO,433531,https://gatorconnect.ufl.edu/organization/treasure-coast-graduate-student-organization,Academic|Service|Social|Professional,,https://gatorconnect.ufl.edu/organization/treasure-coast-graduate-student-organization,,,,,,False,Active
gc-433187,Triathlon Club,TriGator,433187,https://gatorconnect.ufl.edu/organization/trigator,Athletic|Service|Social,https://trisignup.com/Race/FL/Gainesville/TriGatorsSuperSprintTriathlon,https://gatorconnect.ufl.edu/organization/trigator,,trigators,https://www.instagram.com/trigators/,MEDIUM,official_website_or_linkhub_homepage,True,Active
gc-432176,Turkish Student Association,TSA,432176,https://gatorconnect.ufl.edu/organization/tsa,Cultural|Special Interest,https://uftsa.weebly.com?utm_source=ig&utm_medium=social&utm_content=link_in_bio&fbclid=PAcGRvZgJleHRuA2FlbQIxMQBzcnRjBmFwcF9pZA85MzY2MTk3NDMzOTI0NTkAAacYWM6VGLHVUp9e83fQebdoio_jzriPOl9u4Wg0xvwcCKoYHPmQhP_hrwr8ig_aem_2ayKMcZST7U-Bv1dyn4xtg,https://gatorconnect.ufl.edu/organization/tsa,,,,,,False,Active
gc-432845,Turning Point USA,TPUSA,432845,https://gatorconnect.ufl.edu/organization/turningpoint,New Organizations,,https://gatorconnect.ufl.edu/organization/turningpoint,,,,,,False,Active
gc-432182,Ukraine Rebuilding Initiative,URI,432182,https://gatorconnect.ufl.edu/organization/ukrainerebuildinginitiative,Academic|Cultural|Service|Social|Virtual Offerings|Engineering & Technology,https://offthebattlefieldfoundation.org/chapters/uf,https://gatorconnect.ufl.edu/organization/ukrainerebuildinginitiative,,rebuildukr,https://www.instagram.com/rebuildukr/,HIGH,gatorconnect_explicit_link,False,Active
gc-432536,Ukrainian Student Association,Ukrainian Club,432536,https://gatorconnect.ufl.edu/organization/ukrainianstudentassociation,Cultural|Social,,https://gatorconnect.ufl.edu/organization/ukrainianstudentassociation,,,,,,False,Active
gc-432860,Uncensored America,UA,432860,https://gatorconnect.ufl.edu/organization/uncensoredamerica,Academic|Cultural|Political|Religious/Spiritual ,https://uncensoredamerica.us,https://gatorconnect.ufl.edu/organization/uncensoredamerica,,uncensoredamerica,https://www.instagram.com/uncensoredamerica/,MEDIUM,official_website_or_linkhub_homepage,False,Active
gc-431856,Undergraduate American Medical Women's Association,UAMWA,431856,https://gatorconnect.ufl.edu/organization/uamwa,Academic|Service|Social|Professional,https://ufuamwa.wixsite.com/uamwa,https://gatorconnect.ufl.edu/organization/uamwa,,,,,,False,Active
gc-431804,Undergraduate Florida Anthropology Student Association,UFASA,431804,https://gatorconnect.ufl.edu/organization/ufasa,Academic|Cultural|Social|Special Interest,https://ufasa.my.canva.site,https://gatorconnect.ufl.edu/organization/ufasa,,,,,,False,Active
gc-432277,Undergraduate Physical Therapy Association,UPTA,432277,https://gatorconnect.ufl.edu/organization/upta,Academic|Athletic|Social|Special Interest|Professional,,https://gatorconnect.ufl.edu/organization/upta,,,,,,False,Active
gc-432916,Undergraduate Psychiatry & Psychology Association,UPPA,432916,https://gatorconnect.ufl.edu/organization/uppa,Academic,,https://gatorconnect.ufl.edu/organization/uppa,,,,,,False,Active
gc-432290,Undergraduate Real Estate Society,RES,432290,https://gatorconnect.ufl.edu/organization/undergraduate-real-estate-society,Professional,,https://gatorconnect.ufl.edu/organization/undergraduate-real-estate-society,,,,,,False,Active
gc-431305,Undergraduate Student Occupational Therapy Association,USOTA,431305,https://gatorconnect.ufl.edu/organization/usota,Academic|Service|Social|Professional,,https://gatorconnect.ufl.edu/organization/usota,,,,,,False,Active
gc-432353,Underserved Health Alliance,UHA,432353,https://gatorconnect.ufl.edu/organization/underservedhealthalliance,Service|Professional,,https://gatorconnect.ufl.edu/organization/underservedhealthalliance,,,,,,False,Active
gc-432933,UnderStory,,432933,https://gatorconnect.ufl.edu/organization/understory,Academic|Cultural|Social|Special Interest,,https://gatorconnect.ufl.edu/organization/understory,,,,,,False,Active
gc-430065,Union de Estudiantes Puertorriquenos Activos,UEPA,430065,https://gatorconnect.ufl.edu/organization/ufhsa-puertorico,Cultural|Social,,https://gatorconnect.ufl.edu/organization/ufhsa-puertorico,,uepauf,https://www.instagram.com/uepauf/,HIGH,gatorconnect_explicit_link,False,Active
gc-431128,United on Campus,UOC,431128,https://gatorconnect.ufl.edu/organization/unitedoncampus,Academic|Service|Special Interest|Professional,https://bloodcancerunited.org/get-involved/college-campus-clubs,https://gatorconnect.ufl.edu/organization/unitedoncampus,,uf_unitedoncampusclub,https://www.instagram.com/uf_unitedoncampusclub/,HIGH,gatorconnect_explicit_link,False,Active
gc-433020,United World Gator,UWG,433020,https://gatorconnect.ufl.edu/organization/unitedworldgator,Cultural,,https://gatorconnect.ufl.edu/organization/unitedworldgator,,,,,,False,Active
gc-433207,Universities Allied for Essential Medicines,UAEM,433207,https://gatorconnect.ufl.edu/organization/uaem,Academic|Service|Social|Professional,https://uaem.org,https://gatorconnect.ufl.edu/organization/uaem,,uaem_org,https://www.instagram.com/uaem_org/,MEDIUM,official_website_or_linkhub_homepage,True,Active
gc-432194,University Bread of the Mighty,University BOTM,432194,https://gatorconnect.ufl.edu/organization/universitybotm,Service,,https://gatorconnect.ufl.edu/organization/universitybotm,,,,,,False,Active
gc-432169,University Economics Society,UES,432169,https://gatorconnect.ufl.edu/organization/ues,Academic|Cultural|Social|Special Interest,,https://gatorconnect.ufl.edu/organization/ues,,,,,,False,Active
gc-429917,University Habitat for Humanity,H4H,429917,https://gatorconnect.ufl.edu/organization/campuslabs,Service,https://alachuahabitat.org,https://gatorconnect.ufl.edu/organization/campuslabs,,ufh4h,https://www.instagram.com/ufh4h/,HIGH,gatorconnect_explicit_link,False,Active
gc-431840,University Math Society,UMS,431840,https://gatorconnect.ufl.edu/organization/ums,Academic,,https://ums.math.ufl.edu,,universitymathsociety,https://www.instagram.com/universitymathsociety/,HIGH,gatorconnect_explicit_link,False,Active
gc-430902,University of Florida Panhellenic Council,UF Panhellenic Council,430902,https://gatorconnect.ufl.edu/organization/ufpanhellenic,Social Fraternities/Sororities ,https://ufpanhellenic.org,https://gatorconnect.ufl.edu/organization/ufpanhellenic,,ufpanhellenic,https://www.instagram.com/ufpanhellenic/,MEDIUM,official_website_or_linkhub_homepage,False,Active
gc-432111,University Rhythm Game Enthusiasts,URGE,432111,https://gatorconnect.ufl.edu/organization/urge,Cultural|Social|Special Interest,,https://gatorconnect.ufl.edu/organization/urge,https://linktr.ee/uf_urge,uf_urge,https://www.instagram.com/uf_urge/,HIGH,gatorconnect_explicit_link,False,Active
gc-433327,University Singers,,433327,https://gatorconnect.ufl.edu/organization/universitysingers,Cultural,,https://gatorconnect.ufl.edu/organization/universitysingers,,,,,,False,Active
gc-430189,Vampire Fiction and Folklore Club,VFF,430189,https://gatorconnect.ufl.edu/organization/vff,Cultural|Social|Special Interest,,https://gatorconnect.ufl.edu/organization/vff,,,,,,False,Active
gc-430025,Venezuelan Student Association,VENSA,430025,https://gatorconnect.ufl.edu/organization/vensa,Cultural|Service|Social,https://ufvensa.com,https://gatorconnect.ufl.edu/organization/vensa,,,,,,False,Active
gc-433476,Venus A Cappella,,433476,https://gatorconnect.ufl.edu/organization/venusacappella,Social|Special Interest,,https://gatorconnect.ufl.edu/organization/venusacappella,,,,,,False,Active
gc-433641,Vet Med Class of 2027,UF CVM Class of 2027,433641,https://gatorconnect.ufl.edu/organization/ufcvm2027,Academic,https://ufcvm2027.square.site,https://gatorconnect.ufl.edu/organization/ufcvm2027,,,,,,False,Active
gc-432682,Veteran & Military-Connected Student Association,VMCSA,432682,https://gatorconnect.ufl.edu/organization/vmcsa,Service|Special Interest|Professional,,https://gatorconnect.ufl.edu/organization/vmcsa,,,,,,False,Active
gc-432387,Veteran Outreach Program,VOP,432387,https://gatorconnect.ufl.edu/organization/vopuf,Service,https://ufvop.com,https://gatorconnect.ufl.edu/organization/vopuf,,,,,,False,Active
gc-430913,Veterinarians Active in Research,VAR,430913,https://gatorconnect.ufl.edu/organization/veterinariansactiveinresearch,Academic,,https://gatorconnect.ufl.edu/organization/veterinariansactiveinresearch,,,,,,False,Active
gc-432995,Veterinarians in One Health,VOH,432995,https://gatorconnect.ufl.edu/organization/voh,Academic,,https://gatorconnect.ufl.edu/organization/voh,,,,,,False,Active
gc-432170,Veterinary Business Management Association,VBMA,432170,https://gatorconnect.ufl.edu/organization/vbma,Academic|Professional,,https://gatorconnect.ufl.edu/organization/vbma,,,,,,False,Active
gc-432564,Veterinary Dermatology Society,VDS,432564,https://gatorconnect.ufl.edu/organization/vetdermsociety,Academic,https://veterinary-dermatology-society.square.site,https://gatorconnect.ufl.edu/organization/vetdermsociety,,,,,,False,Active
gc-432198,Veterinary Emergency and Critical Care Society,SCVECCS/SCACVIM,432198,https://gatorconnect.ufl.edu/organization/scveccsscacvim,Academic|Social|Special Interest,,https://gatorconnect.ufl.edu/organization/scveccsscacvim,,,,,,False,Active
gc-433080,Veterinary Graduate Student Association,VGSA,433080,https://gatorconnect.ufl.edu/organization/vgsa,Academic|Social|Professional,,https://research.vetmed.ufl.edu/current-graduate-students/vgsa/vgsa-widget,,uf_vgsa,https://www.instagram.com/uf_vgsa/,HIGH,gatorconnect_explicit_link,False,Active
gc-431843,Veterinary Society of Herpetology,VSH,431843,https://gatorconnect.ufl.edu/organization/vsh,Academic|Professional,https://veterinary-society-of-herpetology.square.site,https://gatorconnect.ufl.edu/organization/vsh,,,,,,False,Active
gc-433544,Vida Springs Students,Vida College Night,433544,https://gatorconnect.ufl.edu/organization/vidaspringsstudents,Religious/Spiritual ,https://vidaspringschurch.org/college,https://gatorconnect.ufl.edu/organization/vidaspringsstudents,,,,,,False,Active
gc-433624,Vietnamese Dance Team,VDT,433624,https://gatorconnect.ufl.edu/organization/vietnamese-dance-team,Athletic|Cultural|Social|Special Interest,,https://gatorconnect.ufl.edu/organization/vietnamese-dance-team,,,,,,False,Active
gc-432768,Vietnamese International Student Association,VISA,432768,https://gatorconnect.ufl.edu/organization/visa,Cultural|Social,,https://gatorconnect.ufl.edu/organization/visa,,,,,,False,Active
gc-429962,Vietnamese Student Organization,VSO,429962,https://gatorconnect.ufl.edu/organization/vietnamese-student-organization,Academic|Athletic|Cultural|Service|Social,https://ufvso.com,https://gatorconnect.ufl.edu/organization/vietnamese-student-organization,,ufvso,https://www.instagram.com/ufvso/,HIGH,gatorconnect_explicit_link,False,Active
gc-431603,Vital Readings Book Club,,431603,https://gatorconnect.ufl.edu/organization/vitalreadingsbookclub,Special Interest,,https://gatorconnect.ufl.edu/organization/vitalreadingsbookclub,,,,,,False,Active
gc-432286,Voces Negras,ALLAC,432286,https://gatorconnect.ufl.edu/organization/vocesnegras,Academic|Cultural|Social|Special Interest,,https://gatorconnect.ufl.edu/organization/vocesnegras,,,,,,False,Active
gc-431908,Voices of Equity,VoE,431908,https://gatorconnect.ufl.edu/organization/voicesofequity,Academic|Service|Social|Special Interest|Professional,https://thevoicesof.org,https://gatorconnect.ufl.edu/organization/voicesofequity,,voices.of.equity,https://www.instagram.com/voices.of.equity/,MEDIUM,official_website_or_linkhub_homepage,False,Active
gc-431792,Vox Graphis,,431792,https://gatorconnect.ufl.edu/organization/voxgraphis,Academic|Social|Special Interest|Virtual Offerings|Professional|Engineering & Technology,,https://gatorconnect.ufl.edu/organization/voxgraphis,https://linktr.ee/voxgraphis,,,,,False,Active
gc-432188,Wahines of the Waves,WOW,432188,https://gatorconnect.ufl.edu/organization/wowuf,Athletic|Social|Special Interest,https://wahinesofthewaves.wixsite.com/wowuf,https://gatorconnect.ufl.edu/organization/wowuf,,wahinesofthewaves,https://www.instagram.com/wahinesofthewaves/,MEDIUM,official_website_or_linkhub_homepage,False,Active
gc-432189,Walk Club,,432189,https://gatorconnect.ufl.edu/organization/ufwalkclub,Athletic|Social|Special Interest,,https://gatorconnect.ufl.edu/organization/ufwalkclub,,ufwalkclub,https://www.instagram.com/ufwalkclub/,HIGH,gatorconnect_external_website_is_instagram,False,Active
gc-432357,Warrington Veterans Association,WVA,432357,https://gatorconnect.ufl.edu/organization/warringtonveteransassociation,Academic|Cultural|Service|Social|Special Interest|Virtual Offerings,,https://gatorconnect.ufl.edu/organization/warringtonveteransassociation,,,,,,False,Active
gc-432506,We Raise the Bar,RTB,432506,https://gatorconnect.ufl.edu/organization/weraisethebar,Academic|Professional,,https://gatorconnect.ufl.edu/organization/weraisethebar,,,,,,False,Active
gc-433467,Weightlifting Club,Gator Weightlifting Club (GWL),433467,https://gatorconnect.ufl.edu/organization/gatorweightliftingclub,Athletic|Service|Social,https://gator-weightlifting-club.square.site,https://gatorconnect.ufl.edu/organization/gatorweightliftingclub,,,,,,False,Active
gc-430853,Westside College Ministry,WC,430853,https://gatorconnect.ufl.edu/organization/westsidecollege,Religious/Spiritual |Service|Social,https://westsidebaptist.org/college,https://gatorconnect.ufl.edu/organization/westsidecollege,,westsidecollegegnv,https://www.instagram.com/westsidecollegegnv/,HIGH,gatorconnect_explicit_link,False,Active
gc-433481,Who We Play For,WWPF,433481,https://gatorconnect.ufl.edu/organization/wwpf,Service,,https://gatorconnect.ufl.edu/organization/wwpf,,,,,,False,Active
gc-431592,Wildlife Disease Association Student Chapter,WDA,431592,https://gatorconnect.ufl.edu/organization/wildlife-disease,Academic|Social|Special Interest,,https://gatorconnect.ufl.edu/organization/wildlife-disease,,,,,,False,Active
gc-433372,"Wildlife, Zoological, and Aquatic Animal Medicine Club",WZAAM,433372,https://gatorconnect.ufl.edu/organization/wildlife-zoological-and-avian-animal-medicine-club,Academic|Service|Special Interest,https://wzaam.square.site,https://gatorconnect.ufl.edu/organization/wildlife-zoological-and-avian-animal-medicine-club,,,,,,False,Active
gc-431982,WiNGHacks,,431982,https://gatorconnect.ufl.edu/organization/winghacks,Academic|Engineering & Technology,https://winghacks.com,https://gatorconnect.ufl.edu/organization/winghacks,,,,,,False,Active
gc-433022,Wishmakers on Campus,Wishmakers,433022,https://gatorconnect.ufl.edu/organization/wishmakersoncampus,Service|Special Interest,,https://gatorconnect.ufl.edu/organization/wishmakersoncampus,,,,,,False,Active
gc-433370,Women Building Women,,433370,https://gatorconnect.ufl.edu/organization/women-building-women,Academic|Service|Professional,,https://gatorconnect.ufl.edu/organization/women-building-women,,,,,,False,Active
gc-432292,Women in Computer Science and Engineering,WiCSE,432292,https://gatorconnect.ufl.edu/organization/ufwicse,Academic|Service|Social|Professional|Engineering & Technology,https://ufwicse.com,https://gatorconnect.ufl.edu/organization/ufwicse,,embed.js,https://www.instagram.com/embed.js/,MEDIUM,official_website_or_linkhub_homepage,True,Active
gc-432007,Women in Economics,WIE,432007,https://gatorconnect.ufl.edu/organization/women_in_economics,Academic|Social|Special Interest|Professional,,https://gatorconnect.ufl.edu/organization/women_in_economics,https://linktr.ee/wie.florida,,,,,False,Active
gc-432303,Women in Electrical and Computer Engineering,WECE,432303,https://gatorconnect.ufl.edu/organization/wece,Academic|Social|Professional|Engineering & Technology,,https://wece.ece.ufl.edu,,,,,,False,Active
gc-431905,Women in Nuclear,WiN,431905,https://gatorconnect.ufl.edu/organization/ufwin,Academic|Social|Special Interest,,https://gatorconnect.ufl.edu/organization/ufwin,,,,,,False,Active
gc-432480,Women In Sports Empowerment Club,WISE,432480,https://gatorconnect.ufl.edu/organization/ufwise,Academic|Social|Special Interest|Professional,,https://gatorconnect.ufl.edu/organization/ufwise,,,,,,False,Active
gc-431903,Women of the Workplace,WoW,431903,https://gatorconnect.ufl.edu/organization/women-of-the-work,Academic|Service|Social|Professional,https://linkedin.com/company,https://gatorconnect.ufl.edu/organization/women-of-the-work,,,,,,False,Active
gc-431254,Women on Wall Street,WOW,431254,https://gatorconnect.ufl.edu/organization/womenonwallstreet,Academic|Social|Special Interest|Professional,,https://gatorconnect.ufl.edu/organization/womenonwallstreet,,,,,,False,Active
gc-433044,Women's Club Basketball,,433044,https://gatorconnect.ufl.edu/organization/ufwomensclubbasketball,Athletic,,https://gatorconnect.ufl.edu/organization/ufwomensclubbasketball,,,,,,False,Active
gc-433221,Women's Club Flag Football,,433221,https://gatorconnect.ufl.edu/organization/womens_club_flag_football,Athletic,https://flagfootballuf.wixsite.com/website/about-us,https://gatorconnect.ufl.edu/organization/womens_club_flag_football,,ufflag,https://www.instagram.com/ufflag/,MEDIUM,official_website_or_linkhub_homepage,False,Active
gc-432479,Women's Club Soccer,WCS,432479,https://gatorconnect.ufl.edu/organization/wclubsoccer,Athletic|Social,,https://gatorconnect.ufl.edu/organization/wclubsoccer,,,,,,False,Active
gc-432958,Women's Club Volleyball,WCVB,432958,https://gatorconnect.ufl.edu/organization/wcvb,Athletic|Social,https://gatorclubvb.wixsite.com/gatorswcvb,https://gatorconnect.ufl.edu/organization/wcvb,,,,,,False,Active
gc-433053,Women's Health Advocacy Alliance,WHAA,433053,https://gatorconnect.ufl.edu/organization/whaa,Academic|Service|Social|Special Interest,,https://gatorconnect.ufl.edu/organization/whaa,,,,,,False,Active
gc-431900,Women's Mental Health Alliance,WHMA UF,431900,https://gatorconnect.ufl.edu/organization/womensmentalhealth,Social|Special Interest,,https://gatorconnect.ufl.edu/organization/womensmentalhealth,,,,,,False,Active
gc-432984,Women's Rugby Club,UFWRFC,432984,https://gatorconnect.ufl.edu/organization/womensrugbyclub,Athletic|Social,https://gatorsrugby.com,https://gatorconnect.ufl.edu/organization/womensrugbyclub,,ufrugby,https://www.instagram.com/ufrugby/,MEDIUM,official_website_or_linkhub_homepage,False,Active
gc-432141,Women's Transportation Seminar,WTS,432141,https://gatorconnect.ufl.edu/organization/wtsgators,Engineering & Technology,https://sites.google.com/ufl.edu/wtsgators/home,https://gatorconnect.ufl.edu/organization/wtsgators,,,,,,False,Active
gc-432915,Women's Water Polo,WWP,432915,https://gatorconnect.ufl.edu/organization/womensclubwaterpolo,Athletic,https://ufwaterpolo.com,https://gatorconnect.ufl.edu/organization/womensclubwaterpolo,,ufwomenswaterpolo,https://www.instagram.com/ufwomenswaterpolo/,MEDIUM,official_website_or_linkhub_homepage,False,Active
gc-432964,Women’s Club Ultimate Frisbee,WUFUCT,432964,https://gatorconnect.ufl.edu/organization/wufuct,Athletic|Social,,https://gatorconnect.ufl.edu/organization/wufuct,https://linktr.ee/ufwomensultimate,,,,,False,Active
gc-433328,Women’s Lacrosse Club,Women's Club Lacrosse,433328,https://gatorconnect.ufl.edu/organization/womensclublacrosse,Athletic,,https://gatorconnect.ufl.edu/organization/womensclublacrosse,,,,,,False,Active
gc-432409,Words That Heal,,432409,https://gatorconnect.ufl.edu/organization/wordsthatheal,Academic|Cultural|Service|Professional,https://wordsthathealuf.github.io/words-that-heal,https://gatorconnect.ufl.edu/organization/wordsthatheal,,,,,,False,Active
gc-431898,Xtraordinary Joy Student Chapter,“XJ Student Chapter” or “XJSC”,431898,https://gatorconnect.ufl.edu/organization/xjsc,Athletic|Service|Social|Special Interest|Virtual Offerings|Professional,https://xtraordinaryjoy.org,https://gatorconnect.ufl.edu/organization/xjsc,,uf_xtraordinary_joy,https://www.instagram.com/uf_xtraordinary_joy/,HIGH,gatorconnect_explicit_link,False,Active
gc-432772,Young Americans for Freedom,YAF,432772,https://gatorconnect.ufl.edu/organization/yaf,Academic|Cultural|Political|Service|Social|Special Interest,https://yaf.org,https://gatorconnect.ufl.edu/organization/yaf,,,,,,False,Active
gc-433238,Young Americans for Liberty,YAL,433238,https://gatorconnect.ufl.edu/organization/yal,Political,https://yaliberty.org,https://gatorconnect.ufl.edu/organization/yal,,yaliberty,https://www.instagram.com/yaliberty/,MEDIUM,official_website_or_linkhub_homepage,False,Active
gc-432922,Young Democratic Socialists of America,YDSA,432922,https://gatorconnect.ufl.edu/organization/ydsa,Political|Service|Social,,https://gatorconnect.ufl.edu/organization/ydsa,,,,,,False,Active
gc-430914,Young Life College,YLC,430914,https://gatorconnect.ufl.edu/organization/gatoryounglifecollege,Religious/Spiritual |Social,https://gainesville.younglife.org,https://gatorconnect.ufl.edu/organization/gatoryounglifecollege,,gainesvilleyounglife,https://www.instagram.com/gainesvilleyounglife/,MEDIUM,official_website_or_linkhub_homepage,False,Active
gc-431016,Zenith Bible Study,ZBS,431016,https://gatorconnect.ufl.edu/organization/zenithbiblestudy,Religious/Spiritual |Service|Social,,https://gatorconnect.ufl.edu/organization/zenithbiblestudy,,zenithbiblestudy,https://www.instagram.com/zenithbiblestudy/,HIGH,gatorconnect_explicit_link,False,Active
gc-430301,ZETA BETA TAU,,430301,https://gatorconnect.ufl.edu/organization/zetabetatau,Social Sorority/Fraternity (RSO SSF),,https://gatorconnect.ufl.edu/organization/zetabetatau,,,,,,False,Active
gc-430298,ZETA PHI BETA,,430298,https://gatorconnect.ufl.edu/organization/zetaphibeta,Social Sorority/Fraternity (RSO SSF),https://zphib1920.org,https://gatorconnect.ufl.edu/organization/zetaphibeta,,ufzetas,https://www.instagram.com/ufzetas/,HIGH,gatorconnect_explicit_link,False,Active
gc-430302,ZETA TAU ALPHA,,430302,https://gatorconnect.ufl.edu/organization/zetataualpha,Social Sorority/Fraternity (RSO SSF),,https://gatorconnect.ufl.edu/organization/zetataualpha,,ztauf,https://www.instagram.com/ztauf/,HIGH,gatorconnect_explicit_link,False,Active
